frame,timestamp,rgb_path,depth_path,accel_x,accel_y,accel_z,gyro_x,gyro_y,gyro_z,steering,throttle,brake,speed
0,20250501_180605_720043,output/rgb/20250501_180605_720043.jpg,output/depth/20250501_180605_720043.png,31512.009765625,-3681.11328125,-60.60541915893555,0.0,0.0,0.0,0.0,0.0,0.0,0.0
1,20250501_180605_815042,output/rgb/20250501_180605_815042.jpg,output/depth/20250501_180605_815042.png,0.0019630491733551025,-0.008235534653067589,9.703720092773438,4.824509233003482e-05,-0.00038683382445015013,-8.506748940817488e-07,-0.5507975816726685,0.699999988079071,0.0,0.006654982605073303
2,20250501_180605_858044,output/rgb/20250501_180605_858044.jpg,output/depth/20250501_180605_858044.png,0.0025495626032352448,0.0005389945581555367,9.822308540344238,6.787016172893345e-05,-0.000569318188354373,-1.165999606200785e-06,-0.17096926271915436,0.699999988079071,0.0,0.011978986220304069
3,20250501_180605_904047,output/rgb/20250501_180605_904047.jpg,output/depth/20250501_180605_904047.png,2.0402949303388596e-06,0.0029637457337230444,9.767245292663574,1.3466943528328557e-05,-0.00011362558143446222,-2.426370429020608e-07,-0.1709882616996765,0.699999988079071,0.0,0.004774277917079633
4,20250501_180605_950041,output/rgb/20250501_180605_950041.jpg,output/depth/20250501_180605_950041.png,-7.900962373241782e-07,0.0001560467790113762,9.80737590789795,1.6767125998740084e-05,-0.00016009985120035708,-3.341103536058654e-07,-0.17098477482795715,0.699999988079071,0.0,0.0035755198404907626
5,20250501_180605_997043,output/rgb/20250501_180605_997043.jpg,output/depth/20250501_180605_997043.png,2.8102658689022064e-07,0.0006244393298402429,9.800951957702637,2.5047961571544874e-06,-2.262724592583254e-05,-5.334708674809008e-08,-0.17098866403102875,0.699999988079071,0.0,0.001619983249227174
6,20250501_180606_042045,output/rgb/20250501_180606_042045.jpg,output/depth/20250501_180606_042045.png,2.440225124359131,-0.26521968841552734,9.810881614685059,0.015625057741999626,-0.008673833683133125,-0.028770212084054947,-0.17102111876010895,0.699999988079071,0.0,2.0863975402308816
7,20250501_180606_085047,output/rgb/20250501_180606_085047.jpg,output/depth/20250501_180606_085047.png,2.827284574508667,-0.25660276412963867,9.78630256652832,0.011435440741479397,-0.0053619095124304295,-0.06444501131772995,-0.17102111876010895,0.699999988079071,0.0,4.38828001117781
8,20250501_180606_132042,output/rgb/20250501_180606_132042.jpg,output/depth/20250501_180606_132042.png,3.6348304748535156,-0.15308761596679688,9.840943336486816,0.010791050270199776,-0.002707932610064745,-0.1034141406416893,-0.14844918251037598,0.699999988079071,0.0,7.746390756377551
9,20250501_180606_177045,output/rgb/20250501_180606_177045.jpg,output/depth/20250501_180606_177045.png,2.576404333114624,-0.3057248592376709,9.8087158203125,-0.0037722112610936165,-0.0009930479573085904,-0.12724067270755768,-0.14153200387954712,0.699999988079071,0.0,9.142526912490327
10,20250501_180606_222046,output/rgb/20250501_180606_222046.jpg,output/depth/20250501_180606_222046.png,2.3377394676208496,-0.4458974599838257,9.784858703613281,-0.004893447272479534,0.0003452071687206626,-0.13628865778446198,-0.12725360691547394,0.699999988079071,0.0,11.254947996827635
11,20250501_180606_264047,output/rgb/20250501_180606_264047.jpg,output/depth/20250501_180606_264047.png,2.3485605716705322,0.682375431060791,9.776434898376465,-0.0013262312859296799,0.019225304946303368,-0.11057047545909882,-0.08020767569541931,0.699999988079071,0.0,12.862022085579797
12,20250501_180606_309045,output/rgb/20250501_180606_309045.jpg,output/depth/20250501_180606_309045.png,2.167865037918091,-0.2461627721786499,9.787506103515625,-0.0016731872456148267,0.0015284860273823142,-0.1044706255197525,-0.07338656485080719,0.699999988079071,0.0,14.025544333008714
13,20250501_180606_356046,output/rgb/20250501_180606_356046.jpg,output/depth/20250501_180606_356046.png,1.9955687522888184,-0.550810694694519,9.79769229888916,-0.0019034188007935882,-0.001020698924548924,-0.0890563577413559,-0.059108667075634,0.6437180638313293,0.0,15.463313014323278
14,20250501_180606_399042,output/rgb/20250501_180606_399042.jpg,output/depth/20250501_180606_399042.png,1.3629937171936035,2.952540874481201,9.809082984924316,0.004240218549966812,0.06972640007734299,0.028428226709365845,0.05720095708966255,0.5168552398681641,0.0,16.65898916709274
15,20250501_180606_446043,output/rgb/20250501_180606_446043.jpg,output/depth/20250501_180606_446043.png,0.7035982012748718,0.4794308543205261,9.807443618774414,-0.00552503252401948,0.012152048759162426,0.0977148488163948,0.04706273972988129,0.37210264801979065,0.0,17.02241070369222
16,20250501_180606_491043,output/rgb/20250501_180606_491043.jpg,output/depth/20250501_180606_491043.png,-0.32348570227622986,0.39299458265304565,9.817357063293457,-0.010669747367501259,-0.006224056240171194,0.08140083402395248,0.02885979413986206,0.3780181407928467,0.0,16.739983278953208
17,20250501_180606_536046,output/rgb/20250501_180606_536046.jpg,output/depth/20250501_180606_536046.png,-0.6235998868942261,0.22637030482292175,9.798506736755371,-0.008243689313530922,-0.008345606736838818,0.04926446080207825,0.046954505145549774,0.4406382143497467,0.0,16.404061705862137
18,20250501_180606_580044,output/rgb/20250501_180606_580044.jpg,output/depth/20250501_180606_580044.png,-0.35192233324050903,0.3424760103225708,9.791251182556152,-0.0017010571900755167,0.0012844004668295383,0.07774069905281067,0.06356094777584076,0.50051349401474,0.0,16.122640249890342
19,20250501_180606_624043,output/rgb/20250501_180606_624043.jpg,output/depth/20250501_180606_624043.png,0.08212935924530029,0.4707490801811218,9.796649932861328,0.0026313296984881163,0.0023563336580991745,0.1046084612607956,0.08953297138214111,0.5153302550315857,0.0,16.21432914383995
20,20250501_180606_671044,output/rgb/20250501_180606_671044.jpg,output/depth/20250501_180606_671044.png,0.28610944747924805,0.674628734588623,9.80406379699707,0.0032014173921197653,0.0042587872594594955,0.14775197207927704,0.11258847266435623,0.48551222681999207,0.0,16.415099640668657
21,20250501_180606_715045,output/rgb/20250501_180606_715045.jpg,output/depth/20250501_180606_715045.png,0.1656816005706787,0.8589890003204346,9.80756664276123,0.0009293427574448287,0.0033490383066236973,0.18662212789058685,0.0821656659245491,0.45872601866722107,0.0,16.5622087185889
22,20250501_180606_760042,output/rgb/20250501_180606_760042.jpg,output/depth/20250501_180606_760042.png,0.030582308769226074,0.6504194140434265,9.813434600830078,-0.00011970295599894598,-0.011682284064590931,0.13935482501983643,0.010018404573202133,0.4488215446472168,0.0,16.5662321424553
23,20250501_180606_807045,output/rgb/20250501_180606_807045.jpg,output/depth/20250501_180606_807045.png,-0.07695812731981277,0.09389162808656693,9.810747146606445,0.0003233034221921116,-0.02616569586098194,0.02028421312570572,-0.045118287205696106,0.45549434423446655,0.0,16.49783498364783
24,20250501_180606_852050,output/rgb/20250501_180606_852050.jpg,output/depth/20250501_180606_852050.png,-0.06696933507919312,-0.3450644612312317,9.801648139953613,-4.975803676643409e-05,-0.01040802150964737,-0.07280740886926651,-0.04362284019589424,0.46243831515312195,0.0,16.446112426571997
25,20250501_180606_898044,output/rgb/20250501_180606_898044.jpg,output/depth/20250501_180606_898044.png,-0.011234402656555176,0.9402474164962769,9.80827808380127,-0.0009495053673163056,0.031006162986159325,-0.028287304565310478,-0.005534040275961161,0.4770110845565796,0.0,16.43012225596257
26,20250501_180606_944043,output/rgb/20250501_180606_944043.jpg,output/depth/20250501_180606_944043.png,0.05441371351480484,-0.018393516540527344,9.809453010559082,0.00033296170295216143,0.0094429487362504,-0.008815724402666092,-0.004931241739541292,0.4761841893196106,0.0,16.458618619460083
27,20250501_180606_989043,output/rgb/20250501_180606_989043.jpg,output/depth/20250501_180606_989043.png,0.06437814235687256,0.2131997048854828,9.810440063476562,0.00023560182307846844,0.006057335529476404,0.00021994014969095588,0.002176643582060933,0.47052985429763794,0.0,16.50052865661616
28,20250501_180607_039043,output/rgb/20250501_180607_039043.jpg,output/depth/20250501_180607_039043.png,0.028666246682405472,-0.04142596572637558,9.811335563659668,1.9914084987249225e-05,-0.0010295587126165628,0.0015673774760216475,0.0004271315992809832,0.4656229019165039,0.0,16.520637475418845
29,20250501_180607_083043,output/rgb/20250501_180607_083043.jpg,output/depth/20250501_180607_083043.png,-0.008098811842501163,-0.018181445077061653,9.810712814331055,-0.00022716361854691058,-0.001478272839449346,-4.793878906639293e-05,-0.00021915853722020984,0.46476852893829346,0.0,16.51614693892566
30,20250501_180607_128044,output/rgb/20250501_180607_128044.jpg,output/depth/20250501_180607_128044.png,-0.017665626481175423,-0.004736943170428276,9.809572219848633,-0.0002134495589416474,-0.0006378077086992562,-0.0004469082341529429,-0.0002834118204191327,0.46704092621803284,0.0,16.503212842873822
31,20250501_180607_169042,output/rgb/20250501_180607_169042.jpg,output/depth/20250501_180607_169042.png,-0.0050906832329928875,-0.00264785997569561,9.809371948242188,-1.7112703062593937e-05,-0.00020524364663287997,-0.0005525128799490631,-0.0003301446558907628,0.4691040515899658,0.0,16.498948903953046
32,20250501_180607_214045,output/rgb/20250501_180607_214045.jpg,output/depth/20250501_180607_214045.png,0.00987708568572998,-0.003916648216545582,9.809624671936035,0.0001171174953924492,-8.781114593148232e-05,-0.0008504578145220876,-0.0006704016705043614,0.4706774652004242,0.0,16.506359326086812
33,20250501_180607_259043,output/rgb/20250501_180607_259043.jpg,output/depth/20250501_180607_259043.png,0.022332174703478813,-0.005567142739892006,9.81003475189209,0.00011715520668076351,-2.110188506776467e-05,-0.001137579558417201,-0.0010361789027228951,0.4698811173439026,0.0,16.519196924027444
34,20250501_180607_304044,output/rgb/20250501_180607_304044.jpg,output/depth/20250501_180607_304044.png,0.012275001965463161,-0.007270640693604946,9.810335159301758,3.9280646888073534e-05,-4.967480344930664e-05,-0.0017618234269320965,-0.0011792922159656882,0.4688299894332886,0.0,16.530024408668297
35,20250501_180607_346043,output/rgb/20250501_180607_346043.jpg,output/depth/20250501_180607_346043.png,0.006689194589853287,-0.025848640128970146,9.810163497924805,-2.787659650493879e-05,-0.00032852840377017856,-0.002586717950180173,-0.0016518102493137121,0.46884116530418396,0.0,16.535624784558287
36,20250501_180607_390042,output/rgb/20250501_180607_390042.jpg,output/depth/20250501_180607_390042.png,-0.000613359734416008,-0.019834259524941444,9.809922218322754,-3.7356923712650314e-05,-0.000273733283393085,-0.0035693964455276728,-0.0021295505575835705,0.46902474761009216,0.0,16.538953869699036
37,20250501_180607_433045,output/rgb/20250501_180607_433045.jpg,output/depth/20250501_180607_433045.png,0.009592922404408455,-0.01357781607657671,9.80979061126709,-2.0743034838233143e-05,0.00017441953241359442,-0.002866609487682581,-0.001667275559157133,0.4694198966026306,0.0,16.542892820529563
38,20250501_180607_477042,output/rgb/20250501_180607_477042.jpg,output/depth/20250501_180607_477042.png,0.0069426968693733215,-0.018963363021612167,9.80993366241455,1.1203122994629666e-05,-0.00021187015227042139,-0.004148679785430431,-0.002283887704834342,0.4698803126811981,0.0,16.55401885163991
39,20250501_180607_553046,output/rgb/20250501_180607_553046.jpg,output/depth/20250501_180607_553046.png,0.005501424893736839,-0.026727614924311638,9.810041427612305,1.614885331946425e-05,-0.00028010644018650055,-0.004852581303566694,-0.002886712085455656,0.4698013365268707,0.0,16.55850701779186
40,20250501_180607_595043,output/rgb/20250501_180607_595043.jpg,output/depth/20250501_180607_595043.png,0.005912210792303085,-0.012509150430560112,9.810059547424316,-1.618874193809461e-05,0.0003539980680216104,-0.003852380206808448,-0.002194981789216399,0.46943193674087524,0.0,16.56339171756581
41,20250501_180607_647043,output/rgb/20250501_180607_647043.jpg,output/depth/20250501_180607_647043.png,0.00697835348546505,-0.019878443330526352,9.810039520263672,-1.0264975571772084e-05,-4.8709396651247516e-05,-0.004313564393669367,-0.002334978198632598,0.4698602557182312,0.0,16.56860391728261
42,20250501_180607_693045,output/rgb/20250501_180607_693045.jpg,output/depth/20250501_180607_693045.png,0.005792057141661644,-0.018121466040611267,9.809906005859375,-1.7948987078852952e-06,1.6676031009410508e-05,-0.003997801803052425,-0.002334978198632598,0.4698602557182312,0.0,16.57304491138968
43,20250501_180607_737045,output/rgb/20250501_180607_737045.jpg,output/depth/20250501_180607_737045.png,0.0071253227069973946,-0.015336155891418457,9.810132026672363,-6.815162123530172e-07,0.00011257847654633224,-0.0036162659525871277,-0.002094866707921028,0.4701632261276245,0.0,16.577667716276096
44,20250501_180607_780047,output/rgb/20250501_180607_780047.jpg,output/depth/20250501_180607_780047.png,0.01012799795717001,0.005228125490248203,9.810036659240723,-2.8482713787525427e-06,0.0004278200794942677,-0.002836761297658086,-0.001479526050388813,0.47036510705947876,0.0,16.58436594004732
45,20250501_180607_823042,output/rgb/20250501_180607_823042.jpg,output/depth/20250501_180607_823042.png,0.009325508028268814,-0.02897581085562706,9.809988975524902,1.420021362719126e-05,-0.0002937349781859666,-0.003144657937809825,-0.001978433458134532,0.47028425335884094,0.0,16.588590538592857
46,20250501_180607_868044,output/rgb/20250501_180607_868044.jpg,output/depth/20250501_180607_868044.png,0.007157567888498306,-0.015166433528065681,9.810026168823242,-6.425514129659859e-07,-4.668384281103499e-05,-0.0032626257743686438,-0.0018986358772963285,0.470236599445343,0.0,16.59367326771045
47,20250501_180607_910045,output/rgb/20250501_180607_910045.jpg,output/depth/20250501_180607_910045.png,0.010056320577859879,0.0024335952475667,9.809914588928223,-1.7067621229216456e-05,0.0006262272945605218,-0.001352775259874761,-0.0006905378540977836,0.47048723697662354,0.0,16.598455648545965
48,20250501_180607_953043,output/rgb/20250501_180607_953043.jpg,output/depth/20250501_180607_953043.png,0.0035477951169013977,-0.009298484772443771,9.810036659240723,-9.544860404275823e-07,-0.0001316389680141583,-0.0020940364338457584,-0.0012345664435997605,0.4703117907047272,0.0,16.604025667642354
49,20250501_180608_001043,output/rgb/20250501_180608_001043.jpg,output/depth/20250501_180608_001043.png,0.005492247641086578,0.0808379203081131,9.809712409973145,-4.4241143768886104e-05,0.0017377291806042194,0.0010434043360874057,0.0013521765358746052,0.47046759724617004,0.0,16.606951390993984
50,20250501_180608_047046,output/rgb/20250501_180608_047046.jpg,output/depth/20250501_180608_047046.png,0.007121693342924118,-0.017347827553749084,9.810168266296387,5.614803740172647e-06,-0.0003020059084519744,0.001323982491157949,0.0005383347161114216,0.47065725922584534,0.0,16.61226754562341
51,20250501_180608_092043,output/rgb/20250501_180608_092043.jpg,output/depth/20250501_180608_092043.png,0.007699809968471527,0.12110841274261475,9.80966854095459,-4.449253901839256e-05,0.0021135034039616585,0.004998825956135988,0.008945232257246971,0.47103291749954224,0.0,16.61537773638905
52,20250501_180608_136044,output/rgb/20250501_180608_136044.jpg,output/depth/20250501_180608_136044.png,0.008022613823413849,0.07075896114110947,9.809965133666992,-1.699662061582785e-05,0.0013195752399042249,0.015275484882295132,0.008945232257246971,0.47103291749954224,0.0,16.6225233532546
53,20250501_180608_177043,output/rgb/20250501_180608_177043.jpg,output/depth/20250501_180608_177043.png,0.0043468177318573,0.19245459139347076,9.809611320495605,-0.00012039161083521321,0.004078945145010948,0.028360364958643913,0.03924698382616043,0.47113820910453796,0.0,16.621842115015795
54,20250501_180608_222042,output/rgb/20250501_180608_222042.jpg,output/depth/20250501_180608_222042.png,-0.0005747079849243164,0.30337873101234436,9.808503150939941,-0.0003027026541531086,0.007429140619933605,0.06587164849042892,0.03924698382616043,0.47113820910453796,0.0,16.62721622670125
55,20250501_180608_264044,output/rgb/20250501_180608_264044.jpg,output/depth/20250501_180608_264044.png,-0.04956704378128052,0.8053187131881714,9.804259300231934,-0.0011574681848287582,0.01678001508116722,0.11820974200963974,0.0730229839682579,0.4720652997493744,0.0,16.619852106628112
56,20250501_180608_307047,output/rgb/20250501_180608_307047.jpg,output/depth/20250501_180608_307047.png,-0.0040814876556396484,0.6261401772499084,9.805439949035645,-0.00010641463450156152,0.0018302085809409618,0.12849868834018707,0.0764792412519455,0.473663330078125,0.0,16.634134902978314
57,20250501_180608_348042,output/rgb/20250501_180608_348042.jpg,output/depth/20250501_180608_348042.png,-0.03862714767456055,0.968193531036377,9.805229187011719,-0.0006815686938352883,0.005096718668937683,0.14202722907066345,0.08758927881717682,0.4725816249847412,0.0,16.644742732816184
58,20250501_180608_390045,output/rgb/20250501_180608_390045.jpg,output/depth/20250501_180608_390045.png,0.07752680778503418,-0.291317880153656,9.808355331420898,0.002990440698340535,-0.019740497693419456,0.11347153782844543,0.058441974222660065,0.47092264890670776,0.0,16.66226092992844
59,20250501_180608_432044,output/rgb/20250501_180608_432044.jpg,output/depth/20250501_180608_432044.png,-0.006650209426879883,0.4562656879425049,9.808367729187012,0.0006066217320039868,-0.0042634084820747375,0.09937431663274765,0.003283414989709854,0.4689711034297943,0.0,16.656100805562755
60,20250501_180608_478045,output/rgb/20250501_180608_478045.jpg,output/depth/20250501_180608_478045.png,-0.003798365592956543,0.03132154792547226,9.80911636352539,0.0017347463872283697,-0.01082639954984188,0.006390323396772146,-0.03586617857217789,0.47163334488868713,0.0,16.641283067387505
61,20250501_180608_522042,output/rgb/20250501_180608_522042.jpg,output/depth/20250501_180608_522042.png,0.0032829344272613525,-0.2868456542491913,9.80652904510498,0.0009448702330701053,-0.005865368992090225,-0.06063222885131836,-0.021195799112319946,0.474069744348526,0.0,16.650018791203088
62,20250501_180608_565046,output/rgb/20250501_180608_565046.jpg,output/depth/20250501_180608_565046.png,0.019930243492126465,-0.17806898057460785,9.809871673583984,-0.0008060412365011871,0.006805662997066975,-0.036485787481069565,-0.007274264004081488,0.47246983647346497,0.0,16.664887538076687
63,20250501_180608_610045,output/rgb/20250501_180608_610045.jpg,output/depth/20250501_180608_610045.png,0.016916967928409576,-0.05948334187269211,9.810632705688477,-0.0007392654079012573,0.005891408771276474,-0.012694481760263443,0.029931189492344856,0.47107821702957153,0.0,16.66664774248069
64,20250501_180608_651044,output/rgb/20250501_180608_651044.jpg,output/depth/20250501_180608_651044.png,0.0027896463871002197,0.22821184992790222,9.809184074401855,-0.0019554488826543093,0.013419779017567635,0.04955145716667175,0.1221943199634552,0.47230011224746704,0.0,16.61509890366444
65,20250501_180608_693046,output/rgb/20250501_180608_693046.jpg,output/depth/20250501_180608_693046.png,-0.09257709980010986,0.9794659614562988,9.790384292602539,-0.0060201408341526985,0.03280560299754143,0.19820353388786316,0.1221943199634552,0.47230011224746704,0.0,16.609963985638423
66,20250501_180608_736043,output/rgb/20250501_180608_736043.jpg,output/depth/20250501_180608_736043.png,-1.4725117683410645,4.818564414978027,9.766379356384277,-0.025029391050338745,0.08626030385494232,0.41216161847114563,0.2931865155696869,0.4837460219860077,0.0,16.396987549085964
67,20250501_180608_782042,output/rgb/20250501_180608_782042.jpg,output/depth/20250501_180608_782042.png,-2.89631986618042,6.225172519683838,9.701351165771484,-0.04845508933067322,0.10351153463125229,0.6904951930046082,0.6873459815979004,0.4942834675312042,0.0,15.451427822118882
68,20250501_180608_836045,output/rgb/20250501_180608_836045.jpg,output/depth/20250501_180608_836045.png,-1.1472816467285156,4.377676010131836,9.492766380310059,-0.0121456915512681,0.01643494889140129,1.0395022630691528,0.7284353971481323,0.5284230709075928,0.0,15.681308347066196
69,20250501_180608_889048,output/rgb/20250501_180608_889048.jpg,output/depth/20250501_180608_889048.png,0.4151272773742676,3.7935547828674316,9.69682502746582,0.040841639041900635,-0.029402723535895348,0.9297060370445251,-0.07849454879760742,0.5633999705314636,0.0,16.907726714024435
70,20250501_180608_947043,output/rgb/20250501_180608_947043.jpg,output/depth/20250501_180608_947043.png,-2.4674196243286133,-6.189888000488281,9.805949211120605,0.23010963201522827,-0.20172840356826782,-0.38828518986701965,-0.15280945599079132,0.44629862904548645,0.0,15.882157094684299
71,20250501_180608_991045,output/rgb/20250501_180608_991045.jpg,output/depth/20250501_180608_991045.png,0.983411431312561,0.07980942726135254,9.837679862976074,-0.05773991718888283,0.0687791034579277,-0.27316489815711975,-0.800000011920929,0.6352744102478027,0.0,16.035630978611145
72,20250501_180609_046044,output/rgb/20250501_180609_046044.jpg,output/depth/20250501_180609_046044.png,-4.3840742111206055,-7.059556007385254,9.512908935546875,0.05803735926747322,-0.11651071161031723,-0.9501450061798096,-0.800000011920929,0.49807536602020264,0.0,15.275784058089164
73,20250501_180609_099043,output/rgb/20250501_180609_099043.jpg,output/depth/20250501_180609_099043.png,2.5053963661193848,-1.1472012996673584,9.50423526763916,-0.02440800704061985,0.11748721450567245,-0.9818540215492249,-0.2662665843963623,0.6762094497680664,0.0,16.569793631733514
74,20250501_180609_157043,output/rgb/20250501_180609_157043.jpg,output/depth/20250501_180609_157043.png,0.3387470245361328,7.11478853225708,9.9194917678833,-0.06712991744279861,0.2842426002025604,0.03056161105632782,0.7001652717590332,0.5004782676696777,0.0,16.236829707438947
75,20250501_180609_210045,output/rgb/20250501_180609_210045.jpg,output/depth/20250501_180609_210045.png,-6.019613265991211,7.145071029663086,9.443399429321289,-0.08932547271251678,0.14608456194400787,0.9580926299095154,0.800000011920929,0.38586169481277466,0.0,14.69553438555881
76,20250501_180609_255045,output/rgb/20250501_180609_255045.jpg,output/depth/20250501_180609_255045.png,-1.2033352851867676,4.283144950866699,9.461091041564941,0.014050641097128391,-0.026217928156256676,1.093289852142334,0.800000011920929,0.699999988079071,0.0,15.248945185001467
77,20250501_180609_308043,output/rgb/20250501_180609_308043.jpg,output/depth/20250501_180609_308043.png,-0.35523557662963867,4.630702972412109,9.550370216369629,0.02954122982919216,-0.020767267793416977,1.166334629058838,0.800000011920929,0.5819651484489441,0.0,16.257866672286774
78,20250501_180609_368044,output/rgb/20250501_180609_368044.jpg,output/depth/20250501_180609_368044.png,5.433785438537598,-3.7712717056274414,9.777801513671875,0.22757643461227417,-0.0678163468837738,0.7586098313331604,-0.6721497774124146,0.5096185207366943,0.0,16.758872472351317
79,20250501_180609_423047,output/rgb/20250501_180609_423047.jpg,output/depth/20250501_180609_423047.png,-4.250269889831543,-5.468867778778076,9.876276969909668,0.10392676293849945,-0.030947431921958923,-0.5136203169822693,-0.800000011920929,0.5341934561729431,0.0,14.236729641451625
80,20250501_180609_469041,output/rgb/20250501_180609_469041.jpg,output/depth/20250501_180609_469041.png,-2.3172740936279297,-4.903263092041016,9.254057884216309,0.0487944558262825,-0.04622708261013031,-1.0278600454330444,-0.800000011920929,0.699999988079071,0.0,14.65150288813807
81,20250501_180609_524044,output/rgb/20250501_180609_524044.jpg,output/depth/20250501_180609_524044.png,0.025900840759277344,-4.496817111968994,9.585951805114746,-0.012444635853171349,0.01745707355439663,-1.1353553533554077,-0.800000011920929,0.699999988079071,0.0,16.0676636626361
82,20250501_180609_576042,output/rgb/20250501_180609_576042.jpg,output/depth/20250501_180609_576042.png,5.960141181945801,3.4117679595947266,9.76282024383545,-0.0676664486527443,0.20496328175067902,-0.7800467014312744,-0.3527371883392334,0.5227386951446533,0.0,17.758094533895928
83,20250501_180609_628043,output/rgb/20250501_180609_628043.jpg,output/depth/20250501_180609_628043.png,0.16574954986572266,7.21927547454834,9.888551712036133,-0.08430242538452148,0.2479197233915329,-0.08990741521120071,0.800000011920929,0.30408787727355957,0.0,16.584512417439058
84,20250501_180609_668043,output/rgb/20250501_180609_668043.jpg,output/depth/20250501_180609_668043.png,-5.521705627441406,6.655126571655273,9.523164749145508,-0.10225169360637665,0.1786067634820938,0.7600035667419434,0.800000011920929,0.3251766860485077,0.0,14.361010218780178
85,20250501_180609_719043,output/rgb/20250501_180609_719043.jpg,output/depth/20250501_180609_719043.png,-1.588932752609253,3.9352784156799316,9.456661224365234,0.01807747595012188,-0.02662995643913746,1.049088954925537,0.800000011920929,0.699999988079071,0.0,14.488934181714555
86,20250501_180609_774045,output/rgb/20250501_180609_774045.jpg,output/depth/20250501_180609_774045.png,-0.035037994384765625,4.30647611618042,9.575848579406738,0.03596404567360878,-0.01734340935945511,1.1197173595428467,0.800000011920929,0.6750048398971558,0.0,15.71638912577862
87,20250501_180609_841044,output/rgb/20250501_180609_841044.jpg,output/depth/20250501_180609_841044.png,-0.2536022663116455,4.921189308166504,9.570255279541016,0.0016463909996673465,0.00409567728638649,1.2046014070510864,-0.11329877376556396,0.49771398305892944,0.0,17.31364084687928
88,20250501_180609_900044,output/rgb/20250501_180609_900044.jpg,output/depth/20250501_180609_900044.png,-2.450840473175049,-5.820547580718994,9.77072811126709,0.2748153805732727,-0.07834625244140625,-0.37711188197135925,-0.800000011920929,0.3766833245754242,0.0,15.585644242790572
89,20250501_180609_947048,output/rgb/20250501_180609_947048.jpg,output/depth/20250501_180609_947048.png,-5.7951459884643555,-6.812800884246826,9.360075950622559,0.10870374739170074,-0.07290119677782059,-0.9846786260604858,-0.800000011920929,0.6729453802108765,0.0,14.726708898428665
90,20250501_180610_004043,output/rgb/20250501_180610_004043.jpg,output/depth/20250501_180610_004043.png,-0.3412947654724121,-4.4425048828125,9.49664306640625,-0.03669346868991852,0.03256065398454666,-1.1216877698898315,-0.800000011920929,0.699999988079071,0.0,15.834368182642024
91,20250501_180610_059044,output/rgb/20250501_180610_059044.jpg,output/depth/20250501_180610_059044.png,3.345940351486206,-1.4729514122009277,9.518953323364258,-0.05568311735987663,0.11854010820388794,-1.0390605926513672,-0.2954651713371277,0.53837651014328,0.0,17.536133660053867
92,20250501_180610_110042,output/rgb/20250501_180610_110042.jpg,output/depth/20250501_180610_110042.png,-1.5122122764587402,6.3285908699035645,9.884342193603516,-0.15629108250141144,0.2670314610004425,0.21394027769565582,0.800000011920929,0.47172263264656067,0.0,16.24975141054744
93,20250501_180610_151047,output/rgb/20250501_180610_151047.jpg,output/depth/20250501_180610_151047.png,-4.688795566558838,6.248119831085205,9.407940864562988,-0.10239740461111069,0.10620412230491638,0.8941917419433594,0.6728792190551758,0.3225559890270233,0.0,15.315964180576378
94,20250501_180610_202042,output/rgb/20250501_180610_202042.jpg,output/depth/20250501_180610_202042.png,5.190727233886719,0.04795026779174805,4.043600559234619,0.142645001411438,-0.2849518060684204,-0.31106388568878174,0.800000011920929,0.699999988079071,0.0,5.680261354072957
95,20250501_180610_254043,output/rgb/20250501_180610_254043.jpg,output/depth/20250501_180610_254043.png,7.686058044433594,-2.8785009384155273,9.80351448059082,0.10551880300045013,0.030617980286478996,0.3327314257621765,0.04970192909240723,0.699999988079071,0.0,9.827255847168413
96,20250501_180610_303042,output/rgb/20250501_180610_303042.jpg,output/depth/20250501_180610_303042.png,2.3610172271728516,1.7352062463760376,10.041229248046875,-0.062295421957969666,0.08208399266004562,0.18074803054332733,0.6712984442710876,0.699999988079071,0.0,12.166072211255187
97,20250501_180610_357043,output/rgb/20250501_180610_357043.jpg,output/depth/20250501_180610_357043.png,-1.5779452323913574,5.471823215484619,9.828393936157227,-0.1660289466381073,0.1008961871266365,0.700532853603363,-0.09213799238204956,0.699999988079071,0.0,13.462972906402031
98,20250501_180610_404041,output/rgb/20250501_180610_404041.jpg,output/depth/20250501_180610_404041.png,3.2178304195404053,-0.5364031791687012,9.884466171264648,0.06684638559818268,-0.029567884281277657,0.39237073063850403,0.7779442071914673,0.699999988079071,0.0,14.729417992148626
99,20250501_180610_462044,output/rgb/20250501_180610_462044.jpg,output/depth/20250501_180610_462044.png,4.777733325958252,-4.319175720214844,9.676095008850098,0.13680115342140198,-0.03930649533867836,0.4810807406902313,-0.5205206274986267,0.6667474508285522,0.0,16.039311701584175
100,20250501_180610_518044,output/rgb/20250501_180610_518044.jpg,output/depth/20250501_180610_518044.png,-2.134056568145752,-6.456051826477051,9.678503036499023,0.21646498143672943,-0.10182097554206848,-0.6006702780723572,-0.09310102462768555,0.4763830602169037,0.0,16.523549808147408
101,20250501_180610_582042,output/rgb/20250501_180610_582042.jpg,output/depth/20250501_180610_582042.png,-0.07558965682983398,-4.247232437133789,9.781519889831543,0.0011913722846657038,-0.007062973454594612,-0.3561137616634369,-0.12478581815958023,0.43708211183547974,0.0,17.292922577278826
102,20250501_180610_629042,output/rgb/20250501_180610_629042.jpg,output/depth/20250501_180610_629042.png,-0.031212925910949707,-1.0263028144836426,9.805706977844238,-0.025738613680005074,0.007477676495909691,-0.2160593867301941,0.04876161366701126,0.4185434877872467,0.0,17.128323408455696
103,20250501_180610_673045,output/rgb/20250501_180610_673045.jpg,output/depth/20250501_180610_673045.png,-0.3399495482444763,0.3630737066268921,9.79954719543457,-0.043402932584285736,0.019584668800234795,0.08075415343046188,0.1035991758108139,0.4697231948375702,0.0,16.853308020407265
104,20250501_180610_719043,output/rgb/20250501_180610_719043.jpg,output/depth/20250501_180610_719043.png,-0.25398021936416626,0.8417544364929199,9.782914161682129,-0.015290498733520508,0.006300326436758041,0.17219194769859314,0.800000011920929,0.5072805881500244,0.0,16.635004861088884
105,20250501_180610_763044,output/rgb/20250501_180610_763044.jpg,output/depth/20250501_180610_763044.png,-2.841658592224121,6.1322922706604,9.709468841552734,-0.14121301472187042,0.05087084323167801,0.5896508693695068,0.800000011920929,0.5248098373413086,0.0,15.40367578262287
106,20250501_180610_810042,output/rgb/20250501_180610_810042.jpg,output/depth/20250501_180610_810042.png,-3.6715476512908936,5.733828544616699,9.375370025634766,-0.0980806052684784,0.012231254018843174,1.0734012126922607,0.800000011920929,0.699999988079071,0.0,15.286825844836093
107,20250501_180610_867042,output/rgb/20250501_180610_867042.jpg,output/depth/20250501_180610_867042.png,-0.22876930236816406,4.789646148681641,9.528316497802734,0.018759116530418396,0.005730221513658762,1.1727349758148193,0.800000011920929,0.6477906703948975,0.0,16.518278665888786
108,20250501_180610_923042,output/rgb/20250501_180610_923042.jpg,output/depth/20250501_180610_923042.png,-0.5221085548400879,5.2964887619018555,9.519460678100586,0.0050619663670659065,0.0020982748828828335,1.249204158782959,-0.800000011920929,0.4411563277244568,0.0,17.969951622166565
109,20250501_180610_982042,output/rgb/20250501_180610_982042.jpg,output/depth/20250501_180610_982042.png,-2.8259336948394775,-5.783675193786621,11.490591049194336,0.05140431225299835,0.11628264933824539,-0.13381768763065338,-0.7044283747673035,0.3386631906032562,0.0,15.727643160618133
110,20250501_180611_041044,output/rgb/20250501_180611_041044.jpg,output/depth/20250501_180611_041044.png,-5.36981201171875,-6.378325462341309,9.756107330322266,0.040328048169612885,0.012941187247633934,-0.9859477281570435,-0.800000011920929,0.699999988079071,0.0,14.573852127817135
111,20250501_180611_089043,output/rgb/20250501_180611_089043.jpg,output/depth/20250501_180611_089043.png,0.657391369342804,-1.2582520246505737,10.317625999450684,0.3503323197364807,-0.0644431859254837,-1.126560091972351,-0.800000011920929,0.699999988079071,0.0,14.56643522613761
112,20250501_180611_146044,output/rgb/20250501_180611_146044.jpg,output/depth/20250501_180611_146044.png,3.6886610984802246,-1.098935604095459,9.619584083557129,-0.07528935372829437,0.03110000304877758,-0.9742346405982971,-0.5337488651275635,0.699999988079071,0.0,16.68813702576559
113,20250501_180611_202041,output/rgb/20250501_180611_202041.jpg,output/depth/20250501_180611_202041.png,3.5151095390319824,5.481006145477295,9.858348846435547,-0.20163856446743011,0.08658481389284134,-0.3834190368652344,0.800000011920929,0.3122106194496155,0.0,17.67729686992528
114,20250501_180611_256044,output/rgb/20250501_180611_256044.jpg,output/depth/20250501_180611_256044.png,-4.136753082275391,6.5855607986450195,9.66661262512207,-0.21042168140411377,0.044353876262903214,0.582817554473877,0.800000011920929,0.3122106194496155,0.0,15.278135031526322
115,20250501_180611_314043,output/rgb/20250501_180611_314043.jpg,output/depth/20250501_180611_314043.png,-2.2672481536865234,4.548795223236084,9.330554008483887,-0.01462583988904953,-0.008883325383067131,1.0757544040679932,0.4356982111930847,0.699999988079071,0.0,15.432875515448961
116,20250501_180611_362042,output/rgb/20250501_180611_362042.jpg,output/depth/20250501_180611_362042.png,1.287970781326294,2.7467284202575684,9.818171501159668,0.11713838577270508,0.0232657752931118,0.6647307872772217,-0.17237898707389832,0.5919519662857056,0.0,16.522021767353763
117,20250501_180611_418045,output/rgb/20250501_180611_418045.jpg,output/depth/20250501_180611_418045.png,0.06242060661315918,-3.573021173477173,9.814905166625977,0.22251781821250916,0.03669252619147301,-0.21453669667243958,-0.1961265653371811,0.45833468437194824,0.0,16.87800302342934
118,20250501_180611_465044,output/rgb/20250501_180611_465044.jpg,output/depth/20250501_180611_465044.png,0.3613661527633667,-1.6883599758148193,9.775790214538574,0.014810956083238125,0.0022656950168311596,-0.3271177411079407,-0.800000011920929,0.4737997353076935,0.0,17.07594645925532
119,20250501_180611_523045,output/rgb/20250501_180611_523045.jpg,output/depth/20250501_180611_523045.png,-4.6569504737854,-7.0447587966918945,9.55389404296875,0.13313347101211548,-0.035210020840168,-0.8756980895996094,-0.800000011920929,0.46595117449760437,0.0,15.478124605841654
120,20250501_180611_584044,output/rgb/20250501_180611_584044.jpg,output/depth/20250501_180611_584044.png,2.0865416526794434,-1.1804478168487549,9.456987380981445,-0.10083720088005066,0.05220969393849373,-0.9783862829208374,-0.43613940477371216,0.699999988079071,0.0,16.513625301308352
121,20250501_180611_636044,output/rgb/20250501_180611_636044.jpg,output/depth/20250501_180611_636044.png,2.282440185546875,6.567864418029785,9.915660858154297,-0.25356364250183105,0.1494152694940567,-0.19833312928676605,0.3174218237400055,0.5792898535728455,0.0,16.631038434719237
122,20250501_180611_690041,output/rgb/20250501_180611_690041.jpg,output/depth/20250501_180611_690041.png,-4.611965179443359,6.937161445617676,9.53096866607666,-0.19173379242420197,0.05777348577976227,0.8277970552444458,0.7620835900306702,0.41157105565071106,0.0,15.163785246836378
123,20250501_180611_746043,output/rgb/20250501_180611_746043.jpg,output/depth/20250501_180611_746043.png,-1.1032304763793945,4.644582748413086,9.424762725830078,0.01674807444214821,-0.005649238359183073,1.1214741468429565,0.800000011920929,0.699999988079071,0.0,15.719878964674612
124,20250501_180611_808042,output/rgb/20250501_180611_808042.jpg,output/depth/20250501_180611_808042.png,-0.2316422462463379,4.9288740158081055,9.512589454650879,0.03150075301527977,0.007506564725190401,1.198775291442871,0.800000011920929,0.5694053769111633,0.0,16.84811689565691
125,20250501_180611_867046,output/rgb/20250501_180611_867046.jpg,output/depth/20250501_180611_867046.png,2.591759204864502,1.7392001152038574,9.518925666809082,0.09226886183023453,0.06762300431728363,1.0879102945327759,-0.800000011920929,0.460620254278183,0.0,17.751202268577508
126,20250501_180611_923043,output/rgb/20250501_180611_923043.jpg,output/depth/20250501_180611_923043.png,-3.271738052368164,-6.254042625427246,9.763848304748535,0.2723787724971771,0.14987584948539734,-0.4059982895851135,-0.800000011920929,0.3739379048347473,0.0,13.446607675248098
127,20250501_180611_986042,output/rgb/20250501_180611_986042.jpg,output/depth/20250501_180611_986042.png,-3.825669050216675,-4.889212608337402,8.957951545715332,0.025440189987421036,0.011377985589206219,-0.9025431275367737,-0.800000011920929,0.699999988079071,0.0,13.461607599929227
128,20250501_180612_046042,output/rgb/20250501_180612_046042.jpg,output/depth/20250501_180612_046042.png,0.31518590450286865,-3.9730231761932373,9.711304664611816,0.011289575137197971,0.010716810822486877,-1.0675450563430786,-0.800000011920929,0.699999988079071,0.0,15.005331691727296
129,20250501_180612_106044,output/rgb/20250501_180612_106044.jpg,output/depth/20250501_180612_106044.png,-0.010662555694580078,-4.640033721923828,9.67558765411377,0.022461045533418655,-0.002568649360910058,-1.166171669960022,-0.800000011920929,0.6019102334976196,0.0,16.334972220514345
130,20250501_180612_162043,output/rgb/20250501_180612_162043.jpg,output/depth/20250501_180612_162043.png,2.796349048614502,-1.5601868629455566,9.546036720275879,-0.06987418979406357,0.05212249979376793,-1.0624569654464722,0.800000011920929,0.5051704049110413,0.0,17.468894139406153
131,20250501_180612_217044,output/rgb/20250501_180612_217044.jpg,output/depth/20250501_180612_217044.png,-4.39711856842041,6.055742263793945,9.843233108520508,-0.262114554643631,0.12966640293598175,0.39972835779190063,0.800000011920929,0.0,1.0,13.594660074169719
132,20250501_180612_260042,output/rgb/20250501_180612_260042.jpg,output/depth/20250501_180612_260042.png,-9.821240425109863,3.780933380126953,9.480592727661133,-0.05463804304599762,-0.030866216868162155,0.8157703876495361,0.800000011920929,0.0,1.0,8.79565990707887
133,20250501_180612_318041,output/rgb/20250501_180612_318041.jpg,output/depth/20250501_180612_318041.png,-6.4562907218933105,-1.802838683128357,9.69986343383789,0.19350968301296234,-0.058964382857084274,0.3885253071784973,0.800000011920929,0.0,1.0,1.0458099581456242
134,20250501_180612_373042,output/rgb/20250501_180612_373042.jpg,output/depth/20250501_180612_373042.png,0.1084010899066925,0.4007143974304199,9.63808536529541,0.04161468893289566,0.03196398913860321,-0.00019342114683240652,0.800000011920929,0.0,1.0,0.03964672174512358
135,20250501_180612_420045,output/rgb/20250501_180612_420045.jpg,output/depth/20250501_180612_420045.png,-0.03492027148604393,0.005485503003001213,9.869023323059082,-0.02653627283871174,0.03881795331835747,0.0006032424862496555,-0.44720983505249023,0.0,1.0,0.032591421497262386
136,20250501_180612_465044,output/rgb/20250501_180612_465044.jpg,output/depth/20250501_180612_465044.png,-0.032028429210186005,-0.0290557648986578,9.8591890335083,-0.019930029287934303,0.01876981370151043,-0.0003904476761817932,0.6683435440063477,0.0,1.0,0.014633702981132268
137,20250501_180612_511044,output/rgb/20250501_180612_511044.jpg,output/depth/20250501_180612_511044.png,-0.012884235009551048,-0.022599807009100914,9.83164119720459,-0.009305169805884361,0.007357630413025618,-5.900619362364523e-05,0.800000011920929,0.0,1.0,0.007180251607673683
138,20250501_180612_556045,output/rgb/20250501_180612_556045.jpg,output/depth/20250501_180612_556045.png,-0.01672530546784401,-0.03976539522409439,9.83842658996582,-0.0012844521552324295,0.0009040476870723069,-5.344605597201735e-06,0.800000011920929,0.0,1.0,0.0016607608370340827
139,20250501_180612_603042,output/rgb/20250501_180612_603042.jpg,output/depth/20250501_180612_603042.png,-0.0022179207298904657,-0.001533986534923315,9.811102867126465,-0.0017392372246831656,0.0011210201773792505,-1.0674749319150578e-05,0.800000011920929,0.0,1.0,0.0011738346270063153
140,20250501_180612_648043,output/rgb/20250501_180612_648043.jpg,output/depth/20250501_180612_648043.png,0.006228543817996979,-0.0049420930445194244,9.814074516296387,-0.00023927494476083666,0.00015126194921322167,3.3869628168758936e-07,0.800000011920929,0.0,1.0,0.00037732501823460515
141,20250501_180612_694043,output/rgb/20250501_180612_694043.jpg,output/depth/20250501_180612_694043.png,-0.0024061263538897038,-0.0006945456843823195,9.810235023498535,-0.00046502918121404946,0.00027096967096440494,-2.5085780634981347e-06,0.800000011920929,0.0,1.0,0.0003107635504320918
142,20250501_180612_739045,output/rgb/20250501_180612_739045.jpg,output/depth/20250501_180612_739045.png,-0.0018784794956445694,-0.003058887552469969,9.811331748962402,0.0,0.0,0.0,0.800000011920929,0.0,1.0,0.00010682971511112302
143,20250501_180612_788042,output/rgb/20250501_180612_788042.jpg,output/depth/20250501_180612_788042.png,0.0024744116235524416,0.00038944705738686025,9.8099946975708,-0.00012481037992984056,6.616400787606835e-05,-6.001965857649338e-07,0.800000011920929,0.0,1.0,9.536989784969427e-05
144,20250501_180612_834042,output/rgb/20250501_180612_834042.jpg,output/depth/20250501_180612_834042.png,-0.0024065894540399313,-0.0006945162313058972,9.810036659240723,-7.038073090370744e-05,3.513471529004164e-05,-3.383594275874202e-07,0.800000011920929,0.0,1.0,1.8731042648468528e-05
145,20250501_180612_878043,output/rgb/20250501_180612_878043.jpg,output/depth/20250501_180612_878043.png,0.00011917631491087377,-0.0005338718183338642,9.810259819030762,-3.2890693546505645e-05,1.593570050317794e-05,-1.4239191159504117e-07,0.800000011920929,0.0,1.0,2.1901073905969404e-05
146,20250501_180612_926043,output/rgb/20250501_180612_926043.jpg,output/depth/20250501_180612_926043.png,0.0,0.0,9.8100004196167,-1.9418186639086343e-05,8.983821317087859e-06,-8.520093786046345e-08,0.800000011920929,0.0,1.0,6.717133422870762e-06
147,20250501_180612_972042,output/rgb/20250501_180612_972042.jpg,output/depth/20250501_180612_972042.png,0.0,0.0,9.8100004196167,-8.430953130300622e-06,3.7254897051752778e-06,-3.468010234541907e-08,0.800000011920929,0.0,1.0,5.800238416109603e-06
148,20250501_180613_016041,output/rgb/20250501_180613_016041.jpg,output/depth/20250501_180613_016041.png,0.0,0.0,9.8100004196167,-5.076448360341601e-06,2.1718528842029627e-06,-2.383329622546171e-08,0.800000011920929,0.0,1.0,1.5546167271736144e-06
149,20250501_180613_061046,output/rgb/20250501_180613_061046.jpg,output/depth/20250501_180613_061046.png,0.0,0.0,9.8100004196167,-2.6294378585589584e-06,1.279779553442495e-06,-1.0381817183713338e-08,0.800000011920929,0.0,1.0,2.5339105569315806e-06
150,20250501_180613_105045,output/rgb/20250501_180613_105045.jpg,output/depth/20250501_180613_105045.png,0.0,0.0,9.8100004196167,-1.4778357808609144e-06,7.242584274536057e-07,-5.071369102438439e-09,0.800000011920929,0.0,1.0,1.684887965843542e-06
151,20250501_180613_152043,output/rgb/20250501_180613_152043.jpg,output/depth/20250501_180613_152043.png,0.0,0.0,9.8100004196167,-8.900811963030719e-07,2.2190934600985202e-07,-1.3971568346704544e-09,0.800000011920929,0.0,1.0,8.123116953702845e-07
152,20250501_180613_198046,output/rgb/20250501_180613_198046.jpg,output/depth/20250501_180613_198046.png,8.486639853799716e-05,-0.0003813348594121635,9.810076713562012,-6.452049916561009e-08,4.503123918198071e-08,-4.590761104594776e-10,0.800000011920929,0.0,1.0,7.85635001256492e-07
153,20250501_180613_242042,output/rgb/20250501_180613_242042.jpg,output/depth/20250501_180613_242042.png,0.0,0.0,9.8100004196167,-5.157136797606654e-07,2.3432638052156562e-09,-5.354341414687269e-10,0.800000011920929,0.0,1.0,2.6392560112723093e-06
154,20250501_180613_288047,output/rgb/20250501_180613_288047.jpg,output/depth/20250501_180613_288047.png,0.0,0.0,9.8100004196167,2.8955327024959843e-09,1.3699471423933574e-07,-1.1852688830416014e-09,0.800000011920929,0.0,1.0,3.249302552234611e-06
155,20250501_180613_334053,output/rgb/20250501_180613_334053.jpg,output/depth/20250501_180613_334053.png,0.0,0.0,9.8100004196167,1.5466909530914563e-08,-1.472675759117692e-08,1.1427508939121367e-10,0.800000011920929,0.0,1.0,2.7816407129317906e-07
156,20250501_180613_379042,output/rgb/20250501_180613_379042.jpg,output/depth/20250501_180613_379042.png,0.0,0.0,9.8100004196167,5.5368875706562903e-08,-5.586615614561197e-08,4.644199746994815e-10,0.800000011920929,0.0,1.0,6.901008093673381e-07
157,20250501_180613_425041,output/rgb/20250501_180613_425041.jpg,output/depth/20250501_180613_425041.png,0.0,0.0,9.8100004196167,-3.1028069003014025e-09,3.0479516688330932e-09,-1.2873564193827125e-11,0.800000011920929,0.0,1.0,7.552014508813429e-07
158,20250501_180613_472043,output/rgb/20250501_180613_472043.jpg,output/depth/20250501_180613_472043.png,0.0,0.0,9.8100004196167,-6.448036327100226e-09,9.69392299765559e-09,-7.420314362960312e-11,0.800000011920929,0.0,1.0,1.9224793928896294e-06
159,20250501_180613_516045,output/rgb/20250501_180613_516045.jpg,output/depth/20250501_180613_516045.png,0.0,0.0,9.8100004196167,-2.9594314554515222e-08,-4.550981813622457e-09,1.8610353258452506e-09,0.800000011920929,0.0,1.0,6.183648598968119e-07
160,20250501_180613_562043,output/rgb/20250501_180613_562043.jpg,output/depth/20250501_180613_562043.png,0.0,0.0,9.8100004196167,-3.3995057435731724e-08,-5.896425570028896e-10,-2.1227214430652452e-11,0.800000011920929,0.0,1.0,1.7851996486410172e-06
161,20250501_180613_607046,output/rgb/20250501_180613_607046.jpg,output/depth/20250501_180613_607046.png,0.0,0.0,9.8100004196167,-1.98074836532669e-08,-6.722631784583655e-09,2.0716151016841877e-11,0.800000011920929,0.0,1.0,5.502326861069164e-07
162,20250501_180613_651043,output/rgb/20250501_180613_651043.jpg,output/depth/20250501_180613_651043.png,0.0,0.0,9.8100004196167,-4.4875900329088836e-08,-5.615865994457181e-09,8.60457816109772e-11,0.800000011920929,0.0,1.0,1.5107790756278829e-06
163,20250501_180613_697046,output/rgb/20250501_180613_697046.jpg,output/depth/20250501_180613_697046.png,0.0,0.0,9.8100004196167,-2.3268661664133106e-07,4.927972341306486e-08,-3.4269553861321356e-10,0.800000011920929,0.0,1.0,5.495681108173949e-07
164,20250501_180613_742042,output/rgb/20250501_180613_742042.jpg,output/depth/20250501_180613_742042.png,0.0,0.0,9.8100004196167,-2.7960764370504876e-08,-1.0446237652672608e-08,1.2555523287716142e-10,0.800000011920929,0.0,1.0,4.5638234237900266e-07
165,20250501_180613_791044,output/rgb/20250501_180613_791044.jpg,output/depth/20250501_180613_791044.png,0.0,0.0,9.8100004196167,-4.617517923577452e-09,1.2460680265391488e-09,7.232879226104494e-12,0.800000011920929,0.0,1.0,6.866029800208723e-07
166,20250501_180613_834042,output/rgb/20250501_180613_834042.jpg,output/depth/20250501_180613_834042.png,0.0,0.0,9.8100004196167,-1.483412592762079e-08,5.454109164304555e-09,-7.119264899824174e-11,0.800000011920929,0.0,1.0,1.235771782950304e-06
167,20250501_180613_881043,output/rgb/20250501_180613_881043.jpg,output/depth/20250501_180613_881043.png,0.0,0.0,9.8100004196167,0.0,0.0,0.0,0.800000011920929,0.0,1.0,5.492633388479018e-07
168,20250501_180613_926042,output/rgb/20250501_180613_926042.jpg,output/depth/20250501_180613_926042.png,0.0,0.0,9.8100004196167,-1.3828814537930612e-08,8.338879808889033e-09,-5.6032341960721155e-11,0.800000011920929,0.0,1.0,1.3731518647548158e-06
169,20250501_180613_972045,output/rgb/20250501_180613_972045.jpg,output/depth/20250501_180613_972045.png,0.0,0.0,9.8100004196167,-2.992929637457564e-08,-1.6123297141845683e-09,5.985614087711255e-11,0.800000011920929,0.0,1.0,3.444118796803419e-07
170,20250501_180614_020045,output/rgb/20250501_180614_020045.jpg,output/depth/20250501_180614_020045.png,0.0,0.0,9.8100004196167,-3.6608895470635616e-08,2.505884388881441e-09,6.785358733218949e-12,0.800000011920929,0.0,1.0,1.442155926787648e-06
171,20250501_180614_066043,output/rgb/20250501_180614_066043.jpg,output/depth/20250501_180614_066043.png,0.0,0.0,9.8100004196167,-3.4891272093773296e-08,-6.004356567501645e-09,3.948138344034291e-11,0.800000011920929,0.0,1.0,3.503872344802484e-07
172,20250501_180614_111046,output/rgb/20250501_180614_111046.jpg,output/depth/20250501_180614_111046.png,0.0,0.0,9.8100004196167,-1.113642777994528e-08,-1.679921268760154e-08,1.330174026481501e-10,0.800000011920929,0.0,1.0,1.0299329969175973e-06
173,20250501_180614_157044,output/rgb/20250501_180614_157044.jpg,output/depth/20250501_180614_157044.png,0.0,0.0,9.8100004196167,-1.8603355300683688e-08,-1.4397952163847094e-08,1.5944442988136132e-10,0.800000011920929,0.0,1.0,2.7461752192712215e-07
174,20250501_180614_201043,output/rgb/20250501_180614_201043.jpg,output/depth/20250501_180614_201043.png,0.0,0.0,9.8100004196167,-2.4572277546042187e-09,4.979291201578917e-09,-3.126114991869322e-11,0.800000011920929,0.0,1.0,1.0984670002052313e-06
175,20250501_180614_246042,output/rgb/20250501_180614_246042.jpg,output/depth/20250501_180614_246042.png,0.0,0.0,9.8100004196167,-1.9642847348677606e-08,1.1799687449354224e-08,-8.93887672215321e-11,0.800000011920929,0.0,1.0,2.0599190309122098e-07
176,20250501_180614_292046,output/rgb/20250501_180614_292046.jpg,output/depth/20250501_180614_292046.png,0.0,0.0,9.8100004196167,-1.0956616058876989e-08,5.836552574578491e-09,-3.350696803350317e-11,0.800000011920929,0.0,1.0,1.0984670935948792e-06
177,20250501_180614_339047,output/rgb/20250501_180614_339047.jpg,output/depth/20250501_180614_339047.png,0.0,0.0,9.8100004196167,-7.1160584091956025e-09,-3.421794625424468e-09,5.221370905084122e-11,0.800000011920929,0.0,1.0,1.9223031819314586e-06
178,20250501_180614_384048,output/rgb/20250501_180614_384048.jpg,output/depth/20250501_180614_384048.png,0.0,0.0,9.8100004196167,-1.60528301762497e-09,-4.843603296222909e-09,1.6995647944550996e-11,0.800000011920929,0.0,1.0,1.098461213627411e-06
179,20250501_180614_429047,output/rgb/20250501_180614_429047.jpg,output/depth/20250501_180614_429047.png,0.0,0.0,9.8100004196167,-1.2281665462410274e-08,4.794360464188685e-10,1.7334461990814454e-11,0.800000011920929,0.0,1.0,0.0
180,20250501_180614_475043,output/rgb/20250501_180614_475043.jpg,output/depth/20250501_180614_475043.png,0.0,0.0,9.8100004196167,-6.88471812892999e-09,4.16078105303086e-09,-1.9171889770186468e-11,0.800000011920929,0.0,1.0,8.238928138877612e-07
181,20250501_180614_521042,output/rgb/20250501_180614_521042.jpg,output/depth/20250501_180614_521042.png,0.0,0.0,9.8100004196167,-3.98156085879009e-09,-4.96233987234973e-09,1.8875533080997542e-11,0.800000011920929,0.0,1.0,1.8536451677507848e-06
182,20250501_180614_565044,output/rgb/20250501_180614_565044.jpg,output/depth/20250501_180614_565044.png,0.0,0.0,9.8100004196167,4.605002743574005e-07,6.918359929386497e-08,-8.049784727681697e-10,0.800000011920929,0.0,1.0,6.184502306845825e-07
183,20250501_180614_609046,output/rgb/20250501_180614_609046.jpg,output/depth/20250501_180614_609046.png,0.0,0.0,9.8100004196167,-3.988230190543618e-08,-2.9668059120524504e-09,1.2663606274720962e-11,0.800000011920929,0.0,1.0,1.647903125842275e-06
184,20250501_180614_657042,output/rgb/20250501_180614_657042.jpg,output/depth/20250501_180614_657042.png,0.0,0.0,9.8100004196167,-1.8517479105639723e-08,4.1958259089369676e-10,-6.423120368914681e-10,0.800000011920929,0.0,1.0,4.806849616325181e-07
185,20250501_180614_702046,output/rgb/20250501_180614_702046.jpg,output/depth/20250501_180614_702046.png,0.0,0.0,9.8100004196167,-4.513643858672367e-08,4.578122769771653e-09,-1.1546595277134308e-11,0.800000011920929,0.0,1.0,1.7853888354479277e-06
186,20250501_180614_749043,output/rgb/20250501_180614_749043.jpg,output/depth/20250501_180614_749043.png,0.0,0.0,9.8100004196167,-2.50853986472066e-07,5.1538926015837205e-08,-2.809968646655392e-10,0.800000011920929,0.0,1.0,2.8835412264031697e-07
187,20250501_180614_798045,output/rgb/20250501_180614_798045.jpg,output/depth/20250501_180614_798045.png,0.0,0.0,9.8100004196167,-3.672898074569275e-08,-1.0361244084933219e-09,5.251412499296393e-11,0.800000011920929,0.0,1.0,1.3733368517642014e-06
188,20250501_180614_844046,output/rgb/20250501_180614_844046.jpg,output/depth/20250501_180614_844046.png,0.0,0.0,9.8100004196167,-4.016616816926444e-09,1.6611869657623402e-09,3.283964246370008e-12,0.800000011920929,0.0,1.0,7.552470278388335e-07
189,20250501_180614_888043,output/rgb/20250501_180614_888043.jpg,output/depth/20250501_180614_888043.png,0.0,0.0,9.8100004196167,-1.4234611711572143e-08,5.8632956267956615e-09,-7.52489459632244e-11,0.800000011920929,0.0,1.0,1.7166156864064356e-06
190,20250501_180614_933046,output/rgb/20250501_180614_933046.jpg,output/depth/20250501_180614_933046.png,0.0,0.0,9.8100004196167,-2.3353830158612254e-07,4.995441926780586e-08,3.69687308543476e-10,0.800000011920929,0.0,1.0,5.495497737880693e-07
191,20250501_180614_978041,output/rgb/20250501_180614_978041.jpg,output/depth/20250501_180614_978041.png,0.0,0.0,9.8100004196167,-2.0769450159718872e-08,-1.823951656376721e-08,2.110190355786301e-10,0.800000011920929,0.0,1.0,1.5105290252685337e-06
192,20250501_180615_023046,output/rgb/20250501_180615_023046.jpg,output/depth/20250501_180615_023046.png,0.0,0.0,9.8100004196167,0.0,0.0,0.0,0.800000011920929,0.0,1.0,2.762884601114595e-07
193,20250501_180615_068043,output/rgb/20250501_180615_068043.jpg,output/depth/20250501_180615_068043.png,0.0,0.0,9.8100004196167,6.632090787661582e-08,4.053940472203976e-08,-1.7675161334551603e-10,0.800000011920929,0.0,1.0,1.3977647960150465e-06
194,20250501_180615_112043,output/rgb/20250501_180615_112043.jpg,output/depth/20250501_180615_112043.png,0.0,0.0,9.8100004196167,2.9540740342781646e-07,-1.349165330566393e-07,-7.609236574168676e-10,0.800000011920929,0.699999988079071,0.0,0.07777574377544018
195,20250501_180615_157046,output/rgb/20250501_180615_157046.jpg,output/depth/20250501_180615_157046.png,0.011350050568580627,0.3299672305583954,9.815037727355957,-0.010818356648087502,0.002310141222551465,0.012186190113425255,0.800000011920929,0.699999988079071,0.0,0.18473245570864916
196,20250501_180615_206044,output/rgb/20250501_180615_206044.jpg,output/depth/20250501_180615_206044.png,2.2073802947998047,1.2314891815185547,9.755337715148926,-0.026632914319634438,0.017661308869719505,0.08172154426574707,0.800000011920929,0.699999988079071,0.0,1.7644676431837685
197,20250501_180615_250042,output/rgb/20250501_180615_250042.jpg,output/depth/20250501_180615_250042.png,1.6586811542510986,1.008213758468628,9.800963401794434,-0.022920263931155205,0.010455681011080742,0.19690601527690887,0.800000011920929,0.699999988079071,0.0,3.9718866355478206
198,20250501_180615_295050,output/rgb/20250501_180615_295050.jpg,output/depth/20250501_180615_295050.png,2.3351778984069824,1.4251834154129028,9.811044692993164,-0.026313912123441696,0.010758706368505955,0.3937782645225525,0.800000011920929,0.699999988079071,0.0,6.079632962639776
199,20250501_180615_341046,output/rgb/20250501_180615_341046.jpg,output/depth/20250501_180615_341046.png,2.199277400970459,1.8579158782958984,9.774663925170898,-0.02117936499416828,0.0013650011969730258,0.554606556892395,0.800000011920929,0.699999988079071,0.0,8.128216488025371
200,20250501_180615_392043,output/rgb/20250501_180615_392043.jpg,output/depth/20250501_180615_392043.png,4.203830242156982,-0.5171093940734863,9.660310745239258,0.062303077429533005,0.015870774164795876,0.5571458339691162,0.3246229887008667,0.699999988079071,0.0,10.196535430830664
201,20250501_180615_441042,output/rgb/20250501_180615_441042.jpg,output/depth/20250501_180615_441042.png,3.005964994430542,-2.4940686225891113,9.797775268554688,0.12225084006786346,0.02175009623169899,0.18697881698608398,-0.27418243885040283,0.699999988079071,0.0,11.462073704624466
202,20250501_180615_491043,output/rgb/20250501_180615_491043.jpg,output/depth/20250501_180615_491043.png,0.7988677024841309,-3.4073667526245117,9.703919410705566,0.11920718103647232,0.005185527727007866,-0.40061864256858826,-0.659700334072113,0.699999988079071,0.0,12.275760196653566
203,20250501_180615_541043,output/rgb/20250501_180615_541043.jpg,output/depth/20250501_180615_541043.png,3.2581193447113037,-0.06680694967508316,9.518600463867188,-0.061099033802747726,0.0053007109090685844,-0.631774365901947,-0.27204060554504395,0.699999988079071,0.0,14.157576993201094
204,20250501_180615_599044,output/rgb/20250501_180615_599044.jpg,output/depth/20250501_180615_599044.png,2.5107529163360596,2.386404037475586,9.845921516418457,-0.14458802342414856,0.015127657912671566,-0.13014966249465942,-0.060560718178749084,0.6898242831230164,0.0,16.00167099174031
205,20250501_180615_647045,output/rgb/20250501_180615_647045.jpg,output/depth/20250501_180615_647045.png,1.384466528892517,0.9341065883636475,9.816612243652344,-0.05822579190135002,0.002087615430355072,0.03215008229017258,0.02709820121526718,0.48413512110710144,0.0,16.68027174807551
206,20250501_180615_694045,output/rgb/20250501_180615_694045.jpg,output/depth/20250501_180615_694045.png,-1.1487441062927246,5.2555670738220215,9.782676696777344,-0.1204020231962204,-0.010075344704091549,0.31356382369995117,0.49836501479148865,0.38195282220840454,0.0,16.01808700455461
207,20250501_180615_743044,output/rgb/20250501_180615_743044.jpg,output/depth/20250501_180615_743044.png,-5.234447956085205,6.7437615394592285,9.541972160339355,-0.14698608219623566,-0.05067836493253708,0.9033476114273071,0.800000011920929,0.3827703595161438,0.0,14.60803217143811
208,20250501_180615_793044,output/rgb/20250501_180615_793044.jpg,output/depth/20250501_180615_793044.png,-0.3933858871459961,3.475273609161377,9.492427825927734,0.024369103834033012,-0.008174968883395195,1.013698697090149,0.4657225012779236,0.6787967681884766,0.0,15.387037479419392
209,20250501_180615_856044,output/rgb/20250501_180615_856044.jpg,output/depth/20250501_180615_856044.png,1.0129380226135254,3.0475122928619385,9.813289642333984,0.07198144495487213,0.036833152174949646,0.7148816585540771,-0.753277599811554,0.5155607461929321,0.0,16.486437479608313
210,20250501_180615_921044,output/rgb/20250501_180615_921044.jpg,output/depth/20250501_180615_921044.png,-2.2196085453033447,-5.827354431152344,9.725198745727539,0.22068040072917938,0.11664208024740219,-0.45222511887550354,-0.7477644085884094,0.3762827515602112,0.0,15.171876407965655
211,20250501_180615_983042,output/rgb/20250501_180615_983042.jpg,output/depth/20250501_180615_983042.png,-5.049286842346191,-6.207197189331055,9.329280853271484,0.10694513469934464,0.03006036765873432,-1.0002120733261108,-0.800000011920929,0.6975820660591125,0.0,14.718727207550895
212,20250501_180616_047046,output/rgb/20250501_180616_047046.jpg,output/depth/20250501_180616_047046.png,-0.2447235882282257,-4.396152496337891,9.733050346374512,-0.03925331309437752,0.01324471551924944,-1.1286859512329102,-0.800000011920929,0.5163083076477051,0.0,16.143110142718324
213,20250501_180616_110046,output/rgb/20250501_180616_110046.jpg,output/depth/20250501_180616_110046.png,-1.9027891159057617,-5.176276683807373,9.516331672668457,0.016434434801340103,-0.011085625737905502,-1.1607065200805664,-0.800000011920929,0.44157856702804565,0.0,16.115111000904506
214,20250501_180616_172045,output/rgb/20250501_180616_172045.jpg,output/depth/20250501_180616_172045.png,4.914384841918945,3.894313097000122,9.739354133605957,-0.18430648744106293,0.1385672688484192,-0.7353208065032959,0.800000011920929,0.699999988079071,0.0,14.81152797906709
215,20250501_180616_881043,output/rgb/20250501_180616_881043.jpg,output/depth/20250501_180616_881043.png,0.050611019134521484,4.413028717041016,9.57188892364502,0.04049723967909813,-0.021219827234745026,1.1282585859298706,0.800000011920929,0.6856926083564758,0.0,15.906006310918881
216,20250501_180616_940045,output/rgb/20250501_180616_940045.jpg,output/depth/20250501_180616_940045.png,3.9695193767547607,-6.245662212371826,10.037227630615234,0.3201881945133209,-0.08538901060819626,0.40470704436302185,-0.6556947231292725,0.385090172290802,0.0,16.324577368853273
217,20250501_180616_998046,output/rgb/20250501_180616_998046.jpg,output/depth/20250501_180616_998046.png,-4.887850761413574,-6.730351448059082,9.520395278930664,0.18767531216144562,-0.09988271445035934,-0.7562749981880188,-0.800000011920929,0.4956197440624237,0.0,14.396244316722962
218,20250501_180617_055045,output/rgb/20250501_180617_055045.jpg,output/depth/20250501_180617_055045.png,-1.0910687446594238,-4.200701713562012,9.44938850402832,-0.02551078423857689,0.018663497641682625,-1.0741477012634277,-0.800000011920929,0.699999988079071,0.0,15.044895837989667
219,20250501_180617_108047,output/rgb/20250501_180617_108047.jpg,output/depth/20250501_180617_108047.png,-0.08685922622680664,-4.578995704650879,9.544373512268066,-0.025629406794905663,0.03911124914884567,-1.1539814472198486,-0.25899457931518555,0.5837582349777222,0.0,16.697617362310016
220,20250501_180617_160042,output/rgb/20250501_180617_160042.jpg,output/depth/20250501_180617_160042.png,-0.2670907974243164,-4.308784484863281,9.865928649902344,-0.01856258697807789,0.036341242492198944,-0.5949965715408325,0.19190430641174316,0.350818395614624,0.0,17.32805508823252
221,20250501_180617_212043,output/rgb/20250501_180617_212043.jpg,output/depth/20250501_180617_212043.png,-3.023634433746338,6.101052761077881,9.768070220947266,-0.1191733106970787,0.22823689877986908,0.3817780315876007,0.800000011920929,0.38527509570121765,0.0,15.255954027929466
222,20250501_180617_255044,output/rgb/20250501_180617_255044.jpg,output/depth/20250501_180617_255044.png,-5.9560136795043945,6.52120304107666,9.386848449707031,-0.08613874763250351,0.09435690939426422,0.981103241443634,0.800000011920929,0.5691829919815063,0.0,14.269609841733093
223,20250501_180617_306044,output/rgb/20250501_180617_306044.jpg,output/depth/20250501_180617_306044.png,5.198322772979736,-2.596442699432373,9.794952392578125,0.16882984340190887,-0.11809937655925751,0.7272384762763977,0.4441983699798584,0.699999988079071,0.0,15.789444832231657
224,20250501_180617_360043,output/rgb/20250501_180617_360043.jpg,output/depth/20250501_180617_360043.png,1.5532817840576172,-2.8767952919006348,9.898125648498535,0.1765209287405014,-0.11252117156982422,0.08244212716817856,0.012563563883304596,0.6312865018844604,0.0,16.88902586033022
225,20250501_180617_418045,output/rgb/20250501_180617_418045.jpg,output/depth/20250501_180617_418045.png,-0.45606303215026855,-2.9163031578063965,9.74669361114502,0.07432746887207031,-0.06189476698637009,-0.3569326400756836,-0.800000011920929,0.3861812651157379,0.0,16.796159024741247
226,20250501_180617_469042,output/rgb/20250501_180617_469042.jpg,output/depth/20250501_180617_469042.png,-5.343906402587891,-6.949944019317627,9.538841247558594,0.0654154121875763,-0.11345237493515015,-0.9045806527137756,-0.800000011920929,0.4592033922672272,0.0,14.97102120395166
227,20250501_180617_522043,output/rgb/20250501_180617_522043.jpg,output/depth/20250501_180617_522043.png,-1.442408561706543,-4.235694408416748,9.488800048828125,-0.01571115106344223,0.024980783462524414,-1.1075413227081299,-0.800000011920929,0.699999988079071,0.0,15.373093670771723
228,20250501_180617_584048,output/rgb/20250501_180617_584048.jpg,output/depth/20250501_180617_584048.png,3.170478343963623,-1.0944797992706299,9.534957885742188,-0.0018620069604367018,0.13386549055576324,-0.9902737140655518,0.800000011920929,0.5366193652153015,0.0,16.260654776720987
229,20250501_180617_636041,output/rgb/20250501_180617_636041.jpg,output/depth/20250501_180617_636041.png,-3.1399645805358887,6.477383613586426,9.634089469909668,-0.052418213337659836,0.2481476217508316,0.5955912470817566,0.470115065574646,0.49242377281188965,0.0,15.453750469719184
230,20250501_180617_687047,output/rgb/20250501_180617_687047.jpg,output/depth/20250501_180617_687047.png,0.1297917366027832,3.1950571537017822,9.69495964050293,0.018845051527023315,-0.04534078761935234,0.7095990180969238,0.800000011920929,0.6206536889076233,0.0,16.004452343744145
231,20250501_180617_741044,output/rgb/20250501_180617_741044.jpg,output/depth/20250501_180617_741044.png,-3.1429929733276367,5.967469215393066,9.383506774902344,-0.041553426533937454,0.03165453299880028,1.1074976921081543,0.800000011920929,0.49261897802352905,0.0,15.798390857200523
232,20250501_180617_792042,output/rgb/20250501_180617_792042.jpg,output/depth/20250501_180617_792042.png,-1.165112018585205,4.739720344543457,9.522431373596191,0.02485228143632412,-0.03590257838368416,1.1789690256118774,0.800000011920929,0.5633138418197632,0.0,16.3589399857431
233,20250501_180617_849043,output/rgb/20250501_180617_849043.jpg,output/depth/20250501_180617_849043.png,5.191107273101807,-3.85306453704834,9.817002296447754,0.2171468734741211,-0.08052679896354675,0.7525997161865234,-0.5506328344345093,0.488767147064209,0.0,16.527480608134717
234,20250501_180617_908042,output/rgb/20250501_180617_908042.jpg,output/depth/20250501_180617_908042.png,-3.9521255493164062,-6.466135025024414,9.667872428894043,0.22067707777023315,-0.12037143856287003,-0.5895904898643494,-0.800000011920929,0.38600143790245056,0.0,14.377323154172121
235,20250501_180617_963043,output/rgb/20250501_180617_963043.jpg,output/depth/20250501_180617_963043.png,-1.2751736640930176,-4.3150248527526855,9.368249893188477,0.006284535862505436,-0.0002681231126189232,-1.0514672994613647,-0.800000011920929,0.699999988079071,0.0,15.069014864113663
236,20250501_180618_026043,output/rgb/20250501_180618_026043.jpg,output/depth/20250501_180618_026043.png,0.04006004333496094,-4.663135528564453,9.490761756896973,-0.009262457489967346,0.03298816829919815,-1.1611790657043457,-0.7311756610870361,0.560222864151001,0.0,16.74764394793413
237,20250501_180618_076044,output/rgb/20250501_180618_076044.jpg,output/depth/20250501_180618_076044.png,-0.5829129219055176,-4.803045749664307,9.624090194702148,-0.0018171228002756834,0.009522415697574615,-1.1384446620941162,0.800000011920929,0.38136956095695496,0.0,17.29946532151039
238,20250501_180618_125042,output/rgb/20250501_180618_125042.jpg,output/depth/20250501_180618_125042.png,-2.1707167625427246,5.714873313903809,9.87089729309082,-0.06737139075994492,0.3008686900138855,0.22581693530082703,0.5911173820495605,0.3468717038631439,0.0,15.598101062967526
239,20250501_180618_172044,output/rgb/20250501_180618_172044.jpg,output/depth/20250501_180618_172044.png,-5.455281734466553,6.649933338165283,9.3007230758667,-0.06662411242723465,0.10147982835769653,0.9681407809257507,0.800000011920929,0.699999988079071,0.0,14.599908585808848
240,20250501_180618_220042,output/rgb/20250501_180618_220042.jpg,output/depth/20250501_180618_220042.png,-0.17497634887695312,4.2935333251953125,9.531882286071777,0.022592714056372643,-0.023967184126377106,1.1099879741668701,0.800000011920929,0.699999988079071,0.0,15.909945088359262
241,20250501_180618_270043,output/rgb/20250501_180618_270043.jpg,output/depth/20250501_180618_270043.png,-0.1217184066772461,4.960995674133301,9.499947547912598,0.021874379366636276,-0.003628168720752001,1.2003273963928223,0.800000011920929,0.5466412901878357,0.0,16.922131831156452
242,20250501_180618_322044,output/rgb/20250501_180618_322044.jpg,output/depth/20250501_180618_322044.png,5.090264320373535,-3.695798873901367,9.848325729370117,0.22306005656719208,-0.05608377233147621,0.7833932638168335,-0.800000011920929,0.3942013084888458,0.0,16.972560118225786
243,20250501_180618_379043,output/rgb/20250501_180618_379043.jpg,output/depth/20250501_180618_379043.png,-4.482789993286133,-6.421034812927246,9.59269905090332,0.23183700442314148,-0.11194692552089691,-0.5909853577613831,-0.800000011920929,0.5439919829368591,0.0,14.157481013697387
244,20250501_180618_433044,output/rgb/20250501_180618_433044.jpg,output/depth/20250501_180618_433044.png,2.0324270725250244,-1.0444960594177246,9.393177032470703,-0.07034305483102798,0.07193267345428467,-0.8938696980476379,-0.4307677149772644,0.699999988079071,0.0,15.66903207799718
245,20250501_180618_489042,output/rgb/20250501_180618_489042.jpg,output/depth/20250501_180618_489042.png,0.3133563995361328,-3.95841383934021,9.700711250305176,-0.0162026546895504,0.02546466700732708,-0.7443601489067078,0.24883288145065308,0.5030626654624939,0.0,16.522677627671168
246,20250501_180618_541043,output/rgb/20250501_180618_541043.jpg,output/depth/20250501_180618_541043.png,-0.06340169906616211,1.830939531326294,9.755720138549805,-0.11679530143737793,0.1303105503320694,0.30176278948783875,0.20151855051517487,0.44541287422180176,0.0,16.42937192573029
247,20250501_180618_592042,output/rgb/20250501_180618_592042.jpg,output/depth/20250501_180618_592042.png,-3.213536262512207,6.526954174041748,9.626023292541504,-0.1071060299873352,0.06903217732906342,0.715719997882843,0.7057902812957764,0.547818124294281,0.0,15.480195858781746
248,20250501_180618_646043,output/rgb/20250501_180618_646043.jpg,output/depth/20250501_180618_646043.png,0.3524589538574219,3.4004580974578857,9.68104076385498,0.04571421071887016,-0.020204853266477585,0.8184704780578613,0.3091939091682434,0.5807102918624878,0.0,16.679366013459568
249,20250501_180618_701044,output/rgb/20250501_180618_701044.jpg,output/depth/20250501_180618_701044.png,0.9481723308563232,2.0509016513824463,9.8214750289917,0.09232126176357269,-0.02455739490687847,0.5199300646781921,-0.800000011920929,0.699999988079071,0.0,14.610713275186347
250,20250501_180618_846041,output/rgb/20250501_180618_846041.jpg,output/depth/20250501_180618_846041.png,-0.3638296127319336,-4.251151084899902,9.526013374328613,-0.02951773628592491,0.031559057533741,-1.1023859977722168,-0.800000011920929,0.699999988079071,0.0,16.282367546304084
251,20250501_180618_927041,output/rgb/20250501_180618_927041.jpg,output/depth/20250501_180618_927041.png,-0.7787623405456543,-5.070749759674072,9.560733795166016,-0.0010006589582189918,0.002217683708295226,-1.2282218933105469,0.800000011920929,0.40036022663116455,0.0,17.424995782428585
252,20250501_180618_976041,output/rgb/20250501_180618_976041.jpg,output/depth/20250501_180618_976041.png,3.0473923683166504,6.254805564880371,10.016758918762207,-0.025623276829719543,0.32638391852378845,-0.43439042568206787,0.800000011920929,0.42379987239837646,0.0,16.574252431040954
253,20250501_180619_024043,output/rgb/20250501_180619_024043.jpg,output/depth/20250501_180619_024043.png,-6.635924816131592,5.445659637451172,9.96615982055664,-0.004484469071030617,0.05564890429377556,0.6611829400062561,0.800000011920929,0.5246800780296326,0.0,13.434922532584338
254,20250501_180619_072046,output/rgb/20250501_180619_072046.jpg,output/depth/20250501_180619_072046.png,-0.6305413246154785,3.77889347076416,9.42948055267334,0.0044654132798314095,-0.009813504293560982,1.015521764755249,0.800000011920929,0.699999988079071,0.0,14.470038659262558
255,20250501_180619_124043,output/rgb/20250501_180619_124043.jpg,output/depth/20250501_180619_124043.png,0.12464666366577148,4.343663692474365,9.653763771057129,-0.008275389671325684,0.010596263222396374,1.1124258041381836,0.800000011920929,0.5543980002403259,0.0,15.598465816319896
256,20250501_180619_177045,output/rgb/20250501_180619_177045.jpg,output/depth/20250501_180619_177045.png,-0.6733851432800293,4.7378315925598145,9.648422241210938,-0.021409355103969574,0.008573717437684536,1.1898671388626099,0.800000011920929,0.5543980002403259,0.0,16.435181665517543
257,20250501_180619_233042,output/rgb/20250501_180619_233042.jpg,output/depth/20250501_180619_233042.png,3.3606443405151367,-6.284578323364258,10.016759872436523,0.2971719205379486,-0.09154124557971954,0.4160052239894867,-0.800000011920929,0.4812285304069519,0.0,15.999596504801094
258,20250501_180619_289043,output/rgb/20250501_180619_289043.jpg,output/depth/20250501_180619_289043.png,-4.83931827545166,-6.792514801025391,9.498795509338379,0.18285077810287476,-0.10453396290540695,-0.7616500854492188,-0.28125739097595215,0.687076985836029,0.0,14.76285385973645
259,20250501_180619_345043,output/rgb/20250501_180619_345043.jpg,output/depth/20250501_180619_345043.png,3.7261695861816406,2.505293846130371,9.93591022491455,-0.16723643243312836,0.1480492651462555,-0.48433738946914673,-0.800000011920929,0.699999988079071,0.0,15.848560390079331
260,20250501_180619_400046,output/rgb/20250501_180619_400046.jpg,output/depth/20250501_180619_400046.png,-3.715420722961426,-7.151440143585205,9.590025901794434,0.07156144082546234,-0.09593865275382996,-0.9729036092758179,-0.6029103994369507,0.4956682026386261,0.0,16.51606641623245
261,20250501_180619_454041,output/rgb/20250501_180619_454041.jpg,output/depth/20250501_180619_454041.png,0.04901456832885742,-4.107893943786621,9.69805908203125,-0.008819792419672012,0.020322026684880257,-0.9437713623046875,0.800000011920929,0.5212534070014954,0.0,17.277821762257666
262,20250501_180619_508045,output/rgb/20250501_180619_508045.jpg,output/depth/20250501_180619_508045.png,-2.588662624359131,6.260153770446777,9.816108703613281,-0.1520565003156662,0.2741277515888214,0.3968035876750946,0.5069388151168823,0.37010958790779114,0.0,15.70246651896109
263,20250501_180619_552041,output/rgb/20250501_180619_552041.jpg,output/depth/20250501_180619_552041.png,-1.8456156253814697,4.368698596954346,9.494430541992188,-0.045311544090509415,0.05557167902588844,0.8121949434280396,0.5711823105812073,0.5265796780586243,0.0,15.681840625671574
264,20250501_180619_606042,output/rgb/20250501_180619_606042.jpg,output/depth/20250501_180619_606042.png,-3.2005245685577393,6.104852676391602,9.423264503479004,-0.03359941393136978,0.01211768388748169,1.0941251516342163,0.800000011920929,0.6254807114601135,0.0,15.988478966275206
265,20250501_180619_663042,output/rgb/20250501_180619_663042.jpg,output/depth/20250501_180619_663042.png,-0.5048072338104248,4.930635452270508,9.515039443969727,0.01982073485851288,-0.007791923359036446,1.1980204582214355,-0.800000011920929,0.5174344778060913,0.0,17.397669547340023
266,20250501_180619_724044,output/rgb/20250501_180619_724044.jpg,output/depth/20250501_180619_724044.png,0.5444488525390625,-7.387954235076904,10.111372947692871,0.3677082657814026,-0.0804821327328682,0.08806738257408142,-0.800000011920929,0.3823879063129425,0.0,16.34556291893415
267,20250501_180619_782041,output/rgb/20250501_180619_782041.jpg,output/depth/20250501_180619_782041.png,-6.1241559982299805,-7.094576835632324,9.417604446411133,0.16294914484024048,-0.09021303057670593,-0.913731575012207,-0.800000011920929,0.5089572668075562,0.0,14.702233212784805
268,20250501_180619_843044,output/rgb/20250501_180619_843044.jpg,output/depth/20250501_180619_843044.png,-0.6396102905273438,-4.326905250549316,9.484062194824219,-0.03567098453640938,0.02816096320748329,-1.102187156677246,-0.800000011920929,0.6693124175071716,0.0,15.763328135871303
269,20250501_180619_898041,output/rgb/20250501_180619_898041.jpg,output/depth/20250501_180619_898041.png,-0.20681285858154297,-4.804011821746826,9.539443969726562,-0.016486749053001404,0.026971181854605675,-1.184971570968628,-0.7608535289764404,0.5214782953262329,0.0,16.97614639767187
270,20250501_180619_963042,output/rgb/20250501_180619_963042.jpg,output/depth/20250501_180619_963042.png,-1.0297799110412598,-5.080212116241455,9.56529426574707,-0.0033807922154664993,0.0025110167916864157,-1.199819564819336,0.800000011920929,0.3868113160133362,0.0,17.534535340869066
271,20250501_180620_013046,output/rgb/20250501_180620_013046.jpg,output/depth/20250501_180620_013046.png,-2.6621007919311523,6.490067481994629,9.90090274810791,-0.06543175131082535,0.33653131127357483,0.23619350790977478,0.800000011920929,0.43087369203567505,0.0,15.094396564402746
272,20250501_180620_054044,output/rgb/20250501_180620_054044.jpg,output/depth/20250501_180620_054044.png,-7.177927017211914,6.476132392883301,9.524802207946777,-0.00913391262292862,0.017817333340644836,0.8182348012924194,0.800000011920929,0.4751899242401123,0.0,13.322167498631165
273,20250501_180620_108046,output/rgb/20250501_180620_108046.jpg,output/depth/20250501_180620_108046.png,-0.3057994842529297,3.8551416397094727,9.533802032470703,-0.0013766023330390453,0.00044877815525978804,1.0270812511444092,0.800000011920929,0.699999988079071,0.0,14.318767675802862
274,20250501_180620_160046,output/rgb/20250501_180620_160046.jpg,output/depth/20250501_180620_160046.png,0.08954381942749023,4.303112030029297,9.687722206115723,-0.013462459668517113,0.015233909711241722,1.1226937770843506,0.800000011920929,0.6641864776611328,0.0,15.713602497050951
275,20250501_180620_214043,output/rgb/20250501_180620_214043.jpg,output/depth/20250501_180620_214043.png,-0.3148648738861084,4.935118675231934,9.612889289855957,-0.022626062855124474,0.009677344001829624,1.2066080570220947,0.026613235473632812,0.49905186891555786,0.0,17.334756764973218
276,20250501_180620_274045,output/rgb/20250501_180620_274045.jpg,output/depth/20250501_180620_274045.png,-1.4572534561157227,-6.39322566986084,9.93333625793457,0.30913570523262024,-0.11823377013206482,-0.18455234169960022,-0.800000011920929,0.4726436138153076,0.0,15.987298204248187
277,20250501_180620_328043,output/rgb/20250501_180620_328043.jpg,output/depth/20250501_180620_328043.png,-5.445760726928711,-6.415008544921875,9.317248344421387,0.08914844691753387,-0.07882958650588989,-1.016842246055603,-0.800000011920929,0.699999988079071,0.0,14.83769217240264
278,20250501_180620_391042,output/rgb/20250501_180620_391042.jpg,output/depth/20250501_180620_391042.png,-0.2135944366455078,-4.450412750244141,9.519087791442871,-0.03345654159784317,0.04232136532664299,-1.1316839456558228,-0.800000011920929,0.699999988079071,0.0,16.237311624061018
279,20250501_180620_443059,output/rgb/20250501_180620_443059.jpg,output/depth/20250501_180620_443059.png,6.12763786315918,3.6941733360290527,9.75516128540039,-0.07793676853179932,0.2328348457813263,-0.7553715109825134,0.800000011920929,0.39046406745910645,0.0,16.833581918808214
280,20250501_180620_497042,output/rgb/20250501_180620_497042.jpg,output/depth/20250501_180620_497042.png,-3.7265329360961914,6.659151077270508,9.647212982177734,-0.13052591681480408,0.23283319175243378,0.6041611433029175,0.800000011920929,0.39046406745910645,0.0,15.093575065231722
281,20250501_180620_551043,output/rgb/20250501_180620_551043.jpg,output/depth/20250501_180620_551043.png,1.7690238952636719,0.9285993576049805,9.791650772094727,0.08323690295219421,-0.08961111307144165,0.6391162872314453,0.800000011920929,0.699999988079071,0.0,15.61475709938805
282,20250501_180620_603043,output/rgb/20250501_180620_603043.jpg,output/depth/20250501_180620_603043.png,-3.857017755508423,6.62455940246582,9.43287181854248,-0.06452125310897827,0.03376344218850136,1.0694431066513062,0.800000011920929,0.5561074614524841,0.0,15.855109415342378
283,20250501_180620_659042,output/rgb/20250501_180620_659042.jpg,output/depth/20250501_180620_659042.png,5.7388200759887695,-3.738888740539551,9.788623809814453,0.22608159482479095,-0.07272651791572571,0.7335055470466614,-0.800000011920929,0.5726246237754822,0.0,16.336560451573128
284,20250501_180620_714052,output/rgb/20250501_180620_714052.jpg,output/depth/20250501_180620_714052.png,-3.0930824279785156,-6.554654121398926,9.638254165649414,0.23859615623950958,-0.1262393444776535,-0.6008439660072327,-0.41018009185791016,0.4732156991958618,0.0,16.205594223213406
285,20250501_180620_768042,output/rgb/20250501_180620_768042.jpg,output/depth/20250501_180620_768042.png,-4.319584846496582,-7.277771949768066,9.49800968170166,0.06357744336128235,-0.0745263323187828,-0.9801689982414246,-0.800000011920929,0.6384614706039429,0.0,16.011506543596944
286,20250501_180620_823043,output/rgb/20250501_180620_823043.jpg,output/depth/20250501_180620_823043.png,-2.05715274810791,-4.557925701141357,9.545418739318848,-0.031610023230314255,0.02335221692919731,-1.1667859554290771,-0.6354169249534607,0.0,1.0,14.20367363029981
287,20250501_180620_884042,output/rgb/20250501_180620_884042.jpg,output/depth/20250501_180620_884042.png,-6.165268898010254,-0.9715213775634766,9.701347351074219,-0.06875662505626678,0.09382198750972748,-0.6835790872573853,0.800000011920929,0.0,1.0,8.891067205353218
288,20250501_180620_937042,output/rgb/20250501_180620_937042.jpg,output/depth/20250501_180620_937042.png,-9.068915367126465,1.9773387908935547,10.167525291442871,-0.04060233756899834,0.10254620015621185,0.07007172703742981,0.800000011920929,0.0,1.0,0.07082247272695413
289,20250501_180620_980056,output/rgb/20250501_180620_980056.jpg,output/depth/20250501_180620_980056.png,0.1828857958316803,0.015744686126708984,9.395207405090332,0.04003545269370079,-0.029331276193261147,-0.0006870044162496924,0.800000011920929,0.0,1.0,0.048925366150704926
290,20250501_180621_032044,output/rgb/20250501_180621_032044.jpg,output/depth/20250501_180621_032044.png,-0.02942872792482376,0.046885013580322266,9.883736610412598,0.03029811568558216,-0.0048095472157001495,0.0002538166008889675,0.800000011920929,0.0,1.0,0.021998711931099837
291,20250501_180621_073047,output/rgb/20250501_180621_073047.jpg,output/depth/20250501_180621_073047.png,-0.026062646880745888,0.008790647611021996,9.865280151367188,0.013133707456290722,-0.0009584107901901007,0.00010861788177862763,0.800000011920929,0.0,1.0,0.008712441804961306
292,20250501_180621_115041,output/rgb/20250501_180621_115041.jpg,output/depth/20250501_180621_115041.png,-0.013399969786405563,-0.0007598176598548889,9.834498405456543,0.004728274419903755,-0.00022097108012530953,4.031101707369089e-05,0.800000011920929,0.0,1.0,0.0014293441489375389
293,20250501_180621_159042,output/rgb/20250501_180621_159042.jpg,output/depth/20250501_180621_159042.png,-2.0100505935261026e-06,-1.6145691006386187e-07,9.808993339538574,0.0015209807315841317,-4.961556624039076e-05,-1.1955596164625604e-05,0.800000011920929,0.0,1.0,0.0012814561376041688
294,20250501_180621_201042,output/rgb/20250501_180621_201042.jpg,output/depth/20250501_180621_201042.png,-0.0023633737582713366,0.0007950193248689175,9.813117980957031,0.0008878610678948462,-5.1624454499688e-05,-7.411380465782713e-06,0.800000011920929,0.0,1.0,0.0002456121179450009
295,20250501_180621_243043,output/rgb/20250501_180621_243043.jpg,output/depth/20250501_180621_243043.png,-0.12418190389871597,-0.048008084297180176,9.819694519042969,-0.0005589965730905533,-0.004577726125717163,-0.001985556446015835,0.800000011920929,0.699999988079071,0.0,0.07588382774025035
296,20250501_180621_284043,output/rgb/20250501_180621_284043.jpg,output/depth/20250501_180621_284043.png,0.2707051932811737,-0.1911475956439972,9.799757957458496,0.0041914102621376514,-0.005674391053617001,-0.0007028877735137939,0.800000011920929,0.699999988079071,0.0,0.5782889163066945
297,20250501_180621_325042,output/rgb/20250501_180621_325042.jpg,output/depth/20250501_180621_325042.png,1.4902193546295166,0.7475260496139526,9.812873840332031,0.0009475986007601023,0.026028014719486237,0.10112953931093216,0.800000011920929,0.699999988079071,0.0,2.0100792635967584
298,20250501_180621_368046,output/rgb/20250501_180621_368046.jpg,output/depth/20250501_180621_368046.png,2.108736038208008,1.223090648651123,9.786827087402344,-0.0036775516346096992,0.03364357352256775,0.23668408393859863,0.800000011920929,0.699999988079071,0.0,4.543348539304958
299,20250501_180621_418047,output/rgb/20250501_180621_418047.jpg,output/depth/20250501_180621_418047.png,2.0993735790252686,1.6067696809768677,9.81704044342041,-0.00853450782597065,0.024934766814112663,0.49009203910827637,0.800000011920929,0.699999988079071,0.0,7.269370345813837
300,20250501_180621_471044,output/rgb/20250501_180621_471044.jpg,output/depth/20250501_180621_471044.png,1.5382487773895264,1.9991083145141602,9.767820358276367,-0.01159814652055502,0.007058500312268734,0.6611199975013733,0.800000011920929,0.699999988079071,0.0,9.432057985376288
301,20250501_180621_521041,output/rgb/20250501_180621_521041.jpg,output/depth/20250501_180621_521041.png,1.0952775478363037,2.5155086517333984,9.736727714538574,-0.015124932862818241,0.006111933849751949,0.8063738942146301,0.800000011920929,0.699999988079071,0.0,11.328624937644907
302,20250501_180621_574041,output/rgb/20250501_180621_574041.jpg,output/depth/20250501_180621_574041.png,6.1316070556640625,-4.106657028198242,9.703981399536133,0.1536509394645691,-0.07802815735340118,0.5320995450019836,-0.3584188222885132,0.699999988079071,0.0,13.107282305150873
303,20250501_180621_629041,output/rgb/20250501_180621_629041.jpg,output/depth/20250501_180621_629041.png,-1.227921485900879,-5.635346412658691,9.644062995910645,0.14859135448932648,-0.11951535195112228,-0.5500640869140625,-0.800000011920929,0.699999988079071,0.0,13.320993957904252
304,20250501_180621_682043,output/rgb/20250501_180621_682043.jpg,output/depth/20250501_180621_682043.png,0.1825394630432129,-4.308060169219971,9.431241989135742,0.0007423241622745991,-0.011372885666787624,-1.0399991273880005,-0.629382848739624,0.699999988079071,0.0,15.761669626027063
305,20250501_180621_735043,output/rgb/20250501_180621_735043.jpg,output/depth/20250501_180621_735043.png,4.33543586730957,1.6554532051086426,9.82766342163086,-0.07766549289226532,0.15466277301311493,-0.6224930882453918,0.527980625629425,0.2683696746826172,0.0,16.96121006577207
306,20250501_180621_788043,output/rgb/20250501_180621_788043.jpg,output/depth/20250501_180621_788043.png,-3.244357109069824,6.188801288604736,9.809469223022461,-0.15129508078098297,0.2402910590171814,0.4059235155582428,0.7097834944725037,0.3933889865875244,0.0,15.099544840570514
307,20250501_180621_832042,output/rgb/20250501_180621_832042.jpg,output/depth/20250501_180621_832042.png,-3.605717420578003,5.009650707244873,9.381223678588867,-0.07060007005929947,0.06639522314071655,0.9308956861495972,0.800000011920929,0.6310232877731323,0.0,14.45256200288278
308,20250501_180621_887043,output/rgb/20250501_180621_887043.jpg,output/depth/20250501_180621_887043.png,-0.4409213066101074,4.208215236663818,9.519659042358398,0.03309239074587822,-0.023174121975898743,1.092960000038147,0.800000011920929,0.699999988079071,0.0,15.325472619537898
309,20250501_180621_941047,output/rgb/20250501_180621_941047.jpg,output/depth/20250501_180621_941047.png,-0.33641624450683594,4.6746673583984375,9.567734718322754,0.02157396264374256,-0.0058909086510539055,1.1739983558654785,-0.800000011920929,0.4830411970615387,0.0,16.672527450603692
310,20250501_180621_995042,output/rgb/20250501_180621_995042.jpg,output/depth/20250501_180621_995042.png,0.3803260326385498,-7.372206211090088,10.081640243530273,0.3571530282497406,-0.061890434473752975,0.07810316234827042,-0.5134401321411133,0.3197203576564789,0.0,15.908342170087847
311,20250501_180622_049043,output/rgb/20250501_180622_049043.jpg,output/depth/20250501_180622_049043.png,-1.9818735122680664,-3.62447452545166,9.49720573425293,0.07671695202589035,-0.03155507519841194,-0.7182668447494507,-0.800000011920929,0.5855224132537842,0.0,14.577457726172034
312,20250501_180622_103042,output/rgb/20250501_180622_103042.jpg,output/depth/20250501_180622_103042.png,-1.2133808135986328,-4.3358659744262695,9.409278869628906,-0.014159166254103184,0.003853357397019863,-1.0674644708633423,-0.800000011920929,0.699999988079071,0.0,14.974285580935
313,20250501_180622_157043,output/rgb/20250501_180622_157043.jpg,output/depth/20250501_180622_157043.png,-0.11790132522583008,-4.541996955871582,9.557657241821289,-0.018908753991127014,0.027368705719709396,-1.1505661010742188,-0.800000011920929,0.6682010889053345,0.0,16.204835165342462
314,20250501_180622_211043,output/rgb/20250501_180622_211043.jpg,output/depth/20250501_180622_211043.png,-0.9350595474243164,-4.9511823654174805,9.568989753723145,-0.003630990395322442,0.004673555493354797,-1.2181004285812378,0.800000011920929,0.4067327380180359,0.0,17.107192176027045
315,20250501_180622_264042,output/rgb/20250501_180622_264042.jpg,output/depth/20250501_180622_264042.png,-0.21096134185791016,7.380674362182617,10.064956665039062,-0.08620358258485794,0.3532654643058777,-0.08359676599502563,0.800000011920929,0.32759177684783936,0.0,15.756734401726979
316,20250501_180622_316046,output/rgb/20250501_180622_316046.jpg,output/depth/20250501_180622_316046.png,-6.280432224273682,6.723270416259766,9.43448543548584,-0.08464620262384415,0.14594770967960358,0.8868222832679749,0.800000011920929,0.48438358306884766,0.0,13.825279782193588
317,20250501_180622_369041,output/rgb/20250501_180622_369041.jpg,output/depth/20250501_180622_369041.png,-0.610107421875,3.8759822845458984,9.535064697265625,0.03564752638339996,-0.04180750250816345,1.0492082834243774,0.800000011920929,0.699999988079071,0.0,14.91176857774846
318,20250501_180622_422042,output/rgb/20250501_180622_422042.jpg,output/depth/20250501_180622_422042.png,0.03410482406616211,4.426064491271973,9.57909870147705,0.02804132178425789,-0.014135497622191906,1.1359349489212036,-0.2539858818054199,0.5897665619850159,0.0,16.26794940583805
319,20250501_180622_477045,output/rgb/20250501_180622_477045.jpg,output/depth/20250501_180622_477045.png,1.052802562713623,-7.358588218688965,10.069625854492188,0.32232168316841125,-0.15470758080482483,0.07281447947025299,-0.800000011920929,0.37958094477653503,0.0,16.03166595872916
320,20250501_180622_531044,output/rgb/20250501_180622_531044.jpg,output/depth/20250501_180622_531044.png,-5.8729963302612305,-7.018673419952393,9.437518119812012,0.12751434743404388,-0.12223677337169647,-0.9088508486747742,-0.800000011920929,0.47641047835350037,0.0,14.48231550242598
321,20250501_180622_587042,output/rgb/20250501_180622_587042.jpg,output/depth/20250501_180622_587042.png,-0.682898998260498,-4.21474552154541,9.491888046264648,-0.032171111553907394,0.03676886484026909,-1.0911213159561157,-0.800000011920929,0.6600208282470703,0.0,15.30582350652282
322,20250501_180622_643042,output/rgb/20250501_180622_643042.jpg,output/depth/20250501_180622_643042.png,-0.2568778991699219,-4.650008201599121,9.548568725585938,-0.011270388029515743,0.03145068883895874,-1.1681134700775146,0.6469389200210571,0.4957941174507141,0.0,16.700890189717658
323,20250501_180622_698044,output/rgb/20250501_180622_698044.jpg,output/depth/20250501_180622_698044.png,0.5675621032714844,7.37978458404541,10.072927474975586,-0.07278382778167725,0.35921457409858704,-0.07883954048156738,0.5323167443275452,0.3711910843849182,0.0,15.97465687973476
324,20250501_180622_750041,output/rgb/20250501_180622_750041.jpg,output/depth/20250501_180622_750041.png,-3.379627227783203,5.313488483428955,9.48349380493164,-0.05930478125810623,0.1222519725561142,0.8080025911331177,0.800000011920929,0.5027540922164917,0.0,14.447521528351254
325,20250501_180622_804043,output/rgb/20250501_180622_804043.jpg,output/depth/20250501_180622_804043.png,-1.0197153091430664,4.188232421875,9.479840278625488,0.019948352128267288,-0.03208717331290245,1.0819623470306396,0.800000011920929,0.699999988079071,0.0,15.33604206582883
326,20250501_180622_860042,output/rgb/20250501_180622_860042.jpg,output/depth/20250501_180622_860042.png,0.745448112487793,3.9512009620666504,9.610193252563477,0.046903084963560104,-0.02838287502527237,1.0986170768737793,0.7437334060668945,0.6392813920974731,0.0,16.411315801369728
327,20250501_180622_916043,output/rgb/20250501_180622_916043.jpg,output/depth/20250501_180622_916043.png,2.8152518272399902,-6.704007625579834,9.916632652282715,0.3082205057144165,-0.14082056283950806,0.33241623640060425,-0.800000011920929,0.36014074087142944,0.0,16.417088702818923
328,20250501_180622_971044,output/rgb/20250501_180622_971044.jpg,output/depth/20250501_180622_971044.png,-4.702496528625488,-6.486353874206543,9.550558090209961,0.15558522939682007,-0.11929628998041153,-0.7350078225135803,-0.800000011920929,0.699999988079071,0.0,15.013884350581064
329,20250501_180623_069043,output/rgb/20250501_180623_069043.jpg,output/depth/20250501_180623_069043.png,0.1416015625,-4.718066215515137,8.902701377868652,-0.01299347449094057,0.036942530423402786,-1.1516599655151367,-0.800000011920929,0.5399907231330872,0.0,16.2480470922441
330,20250501_180623_123043,output/rgb/20250501_180623_123043.jpg,output/depth/20250501_180623_123043.png,-0.8470039367675781,-4.991133689880371,9.562114715576172,-0.003760035615414381,0.011652032844722271,-1.220192313194275,-0.800000011920929,0.43133801221847534,0.0,16.863231416701296
331,20250501_180623_176042,output/rgb/20250501_180623_176042.jpg,output/depth/20250501_180623_176042.png,-1.7804005146026611,-4.9776835441589355,9.564830780029297,-0.006842589471489191,0.00793364830315113,-1.2312179803848267,-0.6697366237640381,0.43293434381484985,0.0,16.876583065933765
332,20250501_180623_227043,output/rgb/20250501_180623_227043.jpg,output/depth/20250501_180623_227043.png,1.8558158874511719,-0.4469214677810669,9.496764183044434,0.06241413578391075,0.1304505616426468,-0.8808068037033081,0.800000011920929,0.42939406633377075,0.0,17.07250801604541
333,20250501_180623_283041,output/rgb/20250501_180623_283041.jpg,output/depth/20250501_180623_283041.png,-2.447171926498413,5.692933559417725,9.796202659606934,0.11447011679410934,0.24514730274677277,0.28910699486732483,-0.800000011920929,0.4581286311149597,0.0,15.670737762115653
334,20250501_180623_329042,output/rgb/20250501_180623_329042.jpg,output/depth/20250501_180623_329042.png,-1.7614967823028564,-5.316117286682129,10.046553611755371,-0.10449820756912231,-0.24886417388916016,-0.31185460090637207,0.800000011920929,0.6423527002334595,0.0,15.227181499153081
335,20250501_180623_375042,output/rgb/20250501_180623_375042.jpg,output/depth/20250501_180623_375042.png,-2.126476764678955,6.056861400604248,9.726078033447266,0.0645931139588356,0.17656278610229492,0.5860280990600586,0.580844521522522,0.6236505508422852,0.0,15.317048474894706
336,20250501_180623_423043,output/rgb/20250501_180623_423043.jpg,output/depth/20250501_180623_423043.png,-3.5001282691955566,6.8532633781433105,9.586853981018066,0.0022588265128433704,0.08884665369987488,1.0262186527252197,0.800000011920929,0.5721367597579956,0.0,15.754963505328371
337,20250501_180623_472043,output/rgb/20250501_180623_472043.jpg,output/depth/20250501_180623_472043.png,-0.6385283470153809,4.834855079650879,9.522370338439941,-0.0014236897695809603,-0.013369929976761341,1.180955171585083,0.7527088522911072,0.5217170119285583,0.0,16.72378724994996
338,20250501_180623_524043,output/rgb/20250501_180623_524043.jpg,output/depth/20250501_180623_524043.png,-1.0400218963623047,4.375748634338379,9.154335975646973,0.0047521130181849,-0.030242377892136574,1.1640983819961548,-0.800000011920929,0.39456304907798767,0.0,17.414970973791622
339,20250501_180623_574041,output/rgb/20250501_180623_574041.jpg,output/depth/20250501_180623_574041.png,-0.861821174621582,-7.899691581726074,10.467144012451172,0.23151683807373047,-0.3239752948284149,0.014022132381796837,-0.800000011920929,0.3684694766998291,0.0,15.638303875609232
340,20250501_180623_627044,output/rgb/20250501_180623_627044.jpg,output/depth/20250501_180623_627044.png,-5.813572883605957,-6.887918949127197,8.752838134765625,0.05481347814202309,-0.15362071990966797,-0.9310885071754456,-0.800000011920929,0.5060128569602966,0.0,14.182398042537868
341,20250501_180623_680043,output/rgb/20250501_180623_680043.jpg,output/depth/20250501_180623_680043.png,-0.6225705146789551,-4.175303936004639,9.469745635986328,-0.011639325879514217,0.06102811545133591,-1.0678519010543823,-0.800000011920929,0.6998760104179382,0.0,15.283377751756602
342,20250501_180623_731043,output/rgb/20250501_180623_731043.jpg,output/depth/20250501_180623_731043.png,-0.039217472076416016,-4.578462600708008,9.577335357666016,0.00694329384714365,0.028426971286535263,-1.156644582748413,-0.800000011920929,0.5234212279319763,0.0,16.417050797676776
343,20250501_180623_786042,output/rgb/20250501_180623_786042.jpg,output/depth/20250501_180623_786042.png,2.4640841484069824,-1.4412734508514404,9.55720329284668,0.058645591139793396,0.08505664765834808,-1.0561482906341553,0.800000011920929,0.46395570039749146,0.0,16.831722767054302
344,20250501_180623_841044,output/rgb/20250501_180623_841044.jpg,output/depth/20250501_180623_841044.png,-1.6303784847259521,3.179884195327759,9.705036163330078,0.0765407532453537,0.14647895097732544,0.4435963034629822,0.800000011920929,0.5849804282188416,0.0,15.213742430287578
345,20250501_180623_886041,output/rgb/20250501_180623_886041.jpg,output/depth/20250501_180623_886041.png,-4.061279773712158,6.1549224853515625,9.352477073669434,0.0055969832465052605,0.0735831931233406,1.0430651903152466,0.5307356119155884,0.6195306777954102,0.0,15.847954729448858
346,20250501_180623_933042,output/rgb/20250501_180623_933042.jpg,output/depth/20250501_180623_933042.png,0.7606112957000732,3.452864408493042,9.754697799682617,0.004426151979714632,-0.08790495246648788,0.8125624656677246,0.800000011920929,0.5278001427650452,0.0,16.24119378433004
347,20250501_180623_979042,output/rgb/20250501_180623_979042.jpg,output/depth/20250501_180623_979042.png,-2.529707908630371,5.606060028076172,9.419756889343262,-0.022443873807787895,0.0532710924744606,1.1608988046646118,0.11137017607688904,0.48632267117500305,0.0,16.868266166537705
348,20250501_180624_028044,output/rgb/20250501_180624_028044.jpg,output/depth/20250501_180624_028044.png,0.6779708862304688,-6.430020809173584,10.108626365661621,0.14192503690719604,-0.3270564377307892,0.10450159013271332,-0.800000011920929,0.4115044176578522,0.0,15.364115321617184
349,20250501_180624_078042,output/rgb/20250501_180624_078042.jpg,output/depth/20250501_180624_078042.png,-5.436300277709961,-6.6831955909729,9.454054832458496,0.026046713814139366,-0.17834892868995667,-0.8710189461708069,-0.800000011920929,0.5614525079727173,0.0,14.384567340583853
350,20250501_180624_135044,output/rgb/20250501_180624_135044.jpg,output/depth/20250501_180624_135044.png,-0.2779510021209717,-4.444440841674805,9.284900665283203,-0.004897926934063435,0.04726019874215126,-1.0982295274734497,-0.800000011920929,0.699999988079071,0.0,15.751171949599225
351,20250501_180624_190044,output/rgb/20250501_180624_190044.jpg,output/depth/20250501_180624_190044.png,-0.5183677673339844,-4.837398529052734,9.626187324523926,0.008000730536878109,0.01065663993358612,-1.197989821434021,0.7016944885253906,0.43780702352523804,0.0,17.146688375404242
352,20250501_180624_239041,output/rgb/20250501_180624_239041.jpg,output/depth/20250501_180624_239041.png,0.10811829566955566,7.403495788574219,10.07520866394043,0.22595827281475067,0.2861812114715576,-0.08684567362070084,0.800000011920929,0.34264764189720154,0.0,15.502781301176961
353,20250501_180624_284044,output/rgb/20250501_180624_284044.jpg,output/depth/20250501_180624_284044.png,-6.345788478851318,6.844308853149414,9.4310941696167,0.06305069476366043,0.16167451441287994,0.896899402141571,0.800000011920929,0.6222981214523315,0.0,14.006030072658728
354,20250501_180624_335044,output/rgb/20250501_180624_335044.jpg,output/depth/20250501_180624_335044.png,-0.2951836585998535,4.033410549163818,9.54584789276123,-0.007327606901526451,-0.05823284015059471,1.0724565982818604,0.800000011920929,0.4653015434741974,0.0,17.359838413297066
355,20250501_180625_096054,output/rgb/20250501_180625_096054.jpg,output/depth/20250501_180625_096054.png,-1.7592284679412842,6.363514423370361,9.929088592529297,0.21445868909358978,0.26841774582862854,0.182536780834198,0.800000011920929,0.6202752590179443,0.0,14.659503292897217
356,20250501_180625_182042,output/rgb/20250501_180625_182042.jpg,output/depth/20250501_180625_182042.png,-0.596501350402832,4.390719413757324,9.462196350097656,-0.006344655994325876,-0.030082648620009422,1.1041054725646973,0.800000011920929,0.6274955868721008,0.0,16.046045674219563
357,20250501_180625_240042,output/rgb/20250501_180625_240042.jpg,output/depth/20250501_180625_240042.png,-0.4680013656616211,5.038114547729492,9.541135787963867,0.003510376438498497,-0.012936004437506199,1.2192153930664062,-0.800000011920929,0.3528640568256378,0.0,17.554616292537087
358,20250501_180625_292042,output/rgb/20250501_180625_292042.jpg,output/depth/20250501_180625_292042.png,-2.167940139770508,-6.378561019897461,9.977194786071777,0.11019433289766312,-0.3314513862133026,-0.17859037220478058,-0.800000011920929,0.3528640568256378,0.0,15.076698861147417
359,20250501_180625_336043,output/rgb/20250501_180625_336043.jpg,output/depth/20250501_180625_336043.png,-5.74048376083374,-6.076683521270752,9.325840950012207,-0.0030620936304330826,-0.11278349161148071,-0.9881216287612915,-0.800000011920929,0.6162275075912476,0.0,14.436312092327082
360,20250501_180625_386042,output/rgb/20250501_180625_386042.jpg,output/depth/20250501_180625_386042.png,-0.34671616554260254,-4.0881781578063965,9.565754890441895,0.013808493502438068,0.056687433272600174,-1.089486002922058,-0.800000011920929,0.6240386962890625,0.0,15.715465308863447
361,20250501_180625_435041,output/rgb/20250501_180625_435041.jpg,output/depth/20250501_180625_435041.png,-0.3577742576599121,-4.53511381149292,9.72471809387207,0.04951902851462364,0.05102042481303215,-1.1785860061645508,0.571117639541626,0.5586288571357727,0.0,17.10467126337528
362,20250501_180625_485041,output/rgb/20250501_180625_485041.jpg,output/depth/20250501_180625_485041.png,-1.203157663345337,6.4451446533203125,10.12552547454834,0.2098410725593567,0.24628698825836182,0.18821392953395844,0.800000011920929,0.3461001515388489,0.0,15.88551305394313
363,20250501_180625_526042,output/rgb/20250501_180625_526042.jpg,output/depth/20250501_180625_526042.png,-5.627054691314697,6.330230236053467,9.363170623779297,0.03340137004852295,0.10853909701108932,1.0091508626937866,0.800000011920929,0.699999988079071,0.0,14.41454035724249
364,20250501_180625_575042,output/rgb/20250501_180625_575042.jpg,output/depth/20250501_180625_575042.png,-0.37914299964904785,4.112515449523926,9.552905082702637,-0.01033706497400999,-0.06252651661634445,1.0925989151000977,0.800000011920929,0.699999988079071,0.0,15.540386892352734
365,20250501_180625_624042,output/rgb/20250501_180625_624042.jpg,output/depth/20250501_180625_624042.png,3.297403573989868,1.5085957050323486,9.462417602539062,0.04774808883666992,-0.11065205186605453,1.0249431133270264,-0.5493783354759216,0.5686128735542297,0.0,16.802631868673014
366,20250501_180625_675045,output/rgb/20250501_180625_675045.jpg,output/depth/20250501_180625_675045.png,-3.3255343437194824,-6.683798789978027,9.955975532531738,0.0402042493224144,-0.24665327370166779,-0.6023176908493042,-0.800000011920929,0.3568859100341797,0.0,14.824199063783828
367,20250501_180625_726042,output/rgb/20250501_180625_726042.jpg,output/depth/20250501_180625_726042.png,-1.343665361404419,-4.31310510635376,9.434866905212402,-0.001631440012715757,0.0330326072871685,-1.0905766487121582,-0.800000011920929,0.6907469630241394,0.0,15.480354771406873
368,20250501_180625_775046,output/rgb/20250501_180625_775046.jpg,output/depth/20250501_180625_775046.png,-0.1438000202178955,-4.7821736335754395,9.532176971435547,0.017417913302779198,0.027969177812337875,-1.1824045181274414,-0.800000011920929,0.45327284932136536,0.0,17.17716215032997
369,20250501_180625_827044,output/rgb/20250501_180625_827044.jpg,output/depth/20250501_180625_827044.png,-1.1426124572753906,-5.343409061431885,9.539859771728516,-0.0034738171380013227,-0.0002997693372890353,-1.2654451131820679,-0.800000011920929,0.45327284932136536,0.0,17.458150009792718
370,20250501_180625_882042,output/rgb/20250501_180625_882042.jpg,output/depth/20250501_180625_882042.png,-2.4942939281463623,-4.897022724151611,9.089704513549805,0.008188135921955109,0.016006778925657272,-1.256669044494629,-0.800000011920929,0.34888046979904175,0.0,16.92292680461973
371,20250501_180625_933043,output/rgb/20250501_180625_933043.jpg,output/depth/20250501_180625_933043.png,-1.6646486520767212,-4.649920463562012,9.371947288513184,0.025294458493590355,0.00480362493544817,-1.137122392654419,-0.7340450286865234,0.4419323205947876,0.0,16.56903578339164
372,20250501_180625_983043,output/rgb/20250501_180625_983043.jpg,output/depth/20250501_180625_983043.png,2.3873519897460938,6.763584613800049,9.187411308288574,0.3082714378833771,-0.07387050241231918,-0.3249126672744751,0.800000011920929,0.5026790499687195,0.0,16.419427705312387
373,20250501_180626_034043,output/rgb/20250501_180626_034043.jpg,output/depth/20250501_180626_034043.png,-3.4145431518554688,6.318287372589111,9.129555702209473,0.20054911077022552,-0.01701679825782776,0.6147714853286743,0.800000011920929,0.58994060754776,0.0,14.78247634980788
374,20250501_180626_075042,output/rgb/20250501_180626_075042.jpg,output/depth/20250501_180626_075042.png,-2.2032103538513184,5.120436668395996,9.33530044555664,0.04929738491773605,0.008607940748333931,1.0700485706329346,0.800000011920929,0.58994060754776,0.0,15.217515309824673
375,20250501_180626_123042,output/rgb/20250501_180626_123042.jpg,output/depth/20250501_180626_123042.png,-0.1798892617225647,4.709846496582031,9.523826599121094,-0.03906518220901489,-0.017643002793192863,1.1651346683502197,0.800000011920929,0.6118237972259521,0.0,16.613293361194724
376,20250501_180626_169042,output/rgb/20250501_180626_169042.jpg,output/depth/20250501_180626_169042.png,-0.654509425163269,5.165534496307373,9.519792556762695,-0.011939937248826027,-0.008269685320556164,1.2370803356170654,0.800000011920929,0.4480840563774109,0.0,17.22948566636401
377,20250501_180626_215043,output/rgb/20250501_180626_215043.jpg,output/depth/20250501_180626_215043.png,4.839300155639648,-3.6575071811676025,9.777247428894043,-0.11837027966976166,-0.2055431604385376,0.7933854460716248,-0.800000011920929,0.43352651596069336,0.0,16.68207946493669
378,20250501_180626_266044,output/rgb/20250501_180626_266044.jpg,output/depth/20250501_180626_266044.png,-5.170478820800781,-6.821412563323975,9.507575988769531,-0.15263651311397552,-0.16476665437221527,-0.7618827819824219,-0.800000011920929,0.6165391802787781,0.0,14.5004937070726
379,20250501_180626_311042,output/rgb/20250501_180626_311042.jpg,output/depth/20250501_180626_311042.png,-0.664871335029602,-4.161516189575195,9.813261985778809,0.06750377267599106,0.02898278646171093,-1.0858490467071533,-0.800000011920929,0.699999988079071,0.0,15.5012800152921
380,20250501_180626_367042,output/rgb/20250501_180626_367042.jpg,output/depth/20250501_180626_367042.png,-0.16450461745262146,-4.798497200012207,9.562031745910645,0.028066741302609444,0.005678657907992601,-1.1839327812194824,-0.800000011920929,0.5505555272102356,0.0,16.89435864121708
381,20250501_180626_417041,output/rgb/20250501_180626_417041.jpg,output/depth/20250501_180626_417041.png,-0.9206574559211731,-5.23514461517334,9.53788948059082,0.001307729515247047,0.0012510110391303897,-1.2496147155761719,0.800000011920929,0.4222570061683655,0.0,17.821762231192135
382,20250501_180626_467043,output/rgb/20250501_180626_467043.jpg,output/depth/20250501_180626_467043.png,-2.041186809539795,6.398581504821777,9.939031600952148,0.34526297450065613,-0.04123939573764801,0.17906193435192108,0.800000011920929,0.42790597677230835,0.0,15.88524062395603
383,20250501_180626_508042,output/rgb/20250501_180626_508042.jpg,output/depth/20250501_180626_508042.png,-6.077065944671631,7.1220879554748535,9.403178215026855,0.1816009134054184,0.02267732284963131,0.9155620336532593,0.800000011920929,0.5130268335342407,0.0,14.620132903681826
384,20250501_180626_558043,output/rgb/20250501_180626_558043.jpg,output/depth/20250501_180626_558043.png,-0.8945427536964417,4.281866073608398,9.504951477050781,-0.04670877382159233,-0.014174079522490501,1.10233473777771,0.800000011920929,0.699999988079071,0.0,15.641499937753984
385,20250501_180626_606044,output/rgb/20250501_180626_606044.jpg,output/depth/20250501_180626_606044.png,-0.1610218584537506,4.754628658294678,9.5385103225708,-0.026127686724066734,-0.020613091066479683,1.1800365447998047,0.800000011920929,0.6427344083786011,0.0,16.77754044003898
386,20250501_180626_652042,output/rgb/20250501_180626_652042.jpg,output/depth/20250501_180626_652042.png,2.9318833351135254,1.7092316150665283,9.52400016784668,-0.05482473969459534,-0.0934746265411377,1.0803196430206299,-0.800000011920929,0.4244978427886963,0.0,17.389896320269663
387,20250501_180626_706041,output/rgb/20250501_180626_706041.jpg,output/depth/20250501_180626_706041.png,-4.158664226531982,-6.637192726135254,9.615958213806152,-0.18158672749996185,-0.19579046964645386,-0.6023823618888855,-0.800000011920929,0.47575274109840393,0.0,14.828386694081725
388,20250501_180626_753043,output/rgb/20250501_180626_753043.jpg,output/depth/20250501_180626_753043.png,-1.8415398597717285,-4.610749244689941,9.345595359802246,-0.007256161887198687,0.0012218044139444828,-1.0863763093948364,-0.800000011920929,0.699999988079071,0.0,15.24888999129012
389,20250501_180626_815042,output/rgb/20250501_180626_815042.jpg,output/depth/20250501_180626_815042.png,-0.585946798324585,-4.415473461151123,10.121697425842285,0.05640720948576927,0.031028680503368378,-1.1568620204925537,-0.800000011920929,0.6457397937774658,0.0,16.443836437573022
390,20250501_180626_869042,output/rgb/20250501_180626_869042.jpg,output/depth/20250501_180626_869042.png,-0.7694728374481201,-5.223961353302002,9.400161743164062,-0.0013871947303414345,0.004161110147833824,-1.2224966287612915,0.655850887298584,0.49474674463272095,0.0,17.293248116011227
391,20250501_180626_924044,output/rgb/20250501_180626_924044.jpg,output/depth/20250501_180626_924044.png,0.20012281835079193,7.439722061157227,10.247729301452637,0.34702131152153015,-0.08267363160848618,-0.09044548124074936,0.800000011920929,0.3974907100200653,0.0,16.318001531261913
392,20250501_180626_974042,output/rgb/20250501_180626_974042.jpg,output/depth/20250501_180626_974042.png,-6.144413471221924,7.08726167678833,9.433865547180176,0.17811499536037445,0.013666311278939247,0.9137734770774841,0.800000011920929,0.6125724911689758,0.0,14.541961469845612
393,20250501_180627_027043,output/rgb/20250501_180627_027043.jpg,output/depth/20250501_180627_027043.png,-0.30168622732162476,4.493937969207764,9.773681640625,-0.06339088082313538,-0.011915143579244614,1.1051808595657349,0.800000011920929,0.699999988079071,0.0,15.572480969888037
394,20250501_180627_077042,output/rgb/20250501_180627_077042.jpg,output/depth/20250501_180627_077042.png,3.4165947437286377,1.3724555969238281,9.546574592590332,-0.11013470590114594,-0.08360808342695236,1.0253633260726929,-0.800000011920929,0.3669351637363434,0.0,16.849676516027305
395,20250501_180627_125042,output/rgb/20250501_180627_125042.jpg,output/depth/20250501_180627_125042.png,-2.799393892288208,-6.009452819824219,9.904433250427246,-0.2686275839805603,-0.1565113514661789,-0.40702229738235474,-0.800000011920929,0.3669351637363434,0.0,15.211821869313559
396,20250501_180627_162043,output/rgb/20250501_180627_162043.jpg,output/depth/20250501_180627_162043.png,-5.242240905761719,-6.296992301940918,9.335942268371582,-0.11860962212085724,-0.026236068457365036,-1.0028377771377563,-0.800000011920929,0.5602294206619263,0.0,14.645087085134067
397,20250501_180627_213041,output/rgb/20250501_180627_213041.jpg,output/depth/20250501_180627_213041.png,-0.3779396116733551,-4.351178169250488,9.52144718170166,0.05177212506532669,0.003862905316054821,-1.1142578125,-0.800000011920929,0.699999988079071,0.0,15.70833420087925
398,20250501_180627_266049,output/rgb/20250501_180627_266049.jpg,output/depth/20250501_180627_266049.png,-0.3112713396549225,-4.88484525680542,9.567496299743652,0.025099026039242744,-0.005043473560363054,-1.1973191499710083,-0.7600431442260742,0.5361239910125732,0.0,16.89165358662498
399,20250501_180627_321043,output/rgb/20250501_180627_321043.jpg,output/depth/20250501_180627_321043.png,-0.8871332406997681,-5.050579071044922,9.400389671325684,0.0013628080487251282,0.004237649030983448,-1.1985305547714233,0.020933866500854492,0.4360615909099579,0.0,17.809502068988
400,20250501_180627_375042,output/rgb/20250501_180627_375042.jpg,output/depth/20250501_180627_375042.png,-0.13989391922950745,1.3379638195037842,9.899596214294434,0.16758987307548523,-0.12179075926542282,-0.01566648669540882,0.7451119422912598,0.34970182180404663,0.0,16.90810716105717
401,20250501_180627_429041,output/rgb/20250501_180627_429041.jpg,output/depth/20250501_180627_429041.png,-4.202549934387207,6.40608024597168,9.678201675415039,0.1537184715270996,-0.07547547668218613,0.6273387670516968,0.800000011920929,0.699999988079071,0.0,14.729937598607103
402,20250501_180627_485045,output/rgb/20250501_180627_485045.jpg,output/depth/20250501_180627_485045.png,-0.5446526408195496,4.571106433868408,9.422850608825684,-0.01787915825843811,-0.000210063619306311,1.1135395765304565,0.800000011920929,0.699999988079071,0.0,15.73277668096743
403,20250501_180627_538042,output/rgb/20250501_180627_538042.jpg,output/depth/20250501_180627_538042.png,-0.15906913578510284,4.988271236419678,9.5283784866333,-0.027875330299139023,-0.005594179034233093,1.2057876586914062,0.800000011920929,0.6075543761253357,0.0,16.963789519610852
404,20250501_180627_591042,output/rgb/20250501_180627_591042.jpg,output/depth/20250501_180627_591042.png,5.418450355529785,-3.6979713439941406,9.586100578308105,-0.22034840285778046,-0.10173533111810684,0.7994772791862488,-0.800000011920929,0.4369829595088959,0.0,17.470437770869648
405,20250501_180627_638044,output/rgb/20250501_180627_638044.jpg,output/depth/20250501_180627_638044.png,-4.181728839874268,-6.6532769203186035,9.609159469604492,-0.2613721787929535,-0.07130938768386841,-0.6031789183616638,-0.800000011920929,0.4896557629108429,0.0,15.134544901091004
406,20250501_180627_688045,output/rgb/20250501_180627_688045.jpg,output/depth/20250501_180627_688045.png,-1.7080106735229492,-4.708001613616943,9.151897430419922,0.0003513302654027939,0.012821982614696026,-1.0913150310516357,-0.800000011920929,0.699999988079071,0.0,15.186440058962495
407,20250501_180627_742041,output/rgb/20250501_180627_742041.jpg,output/depth/20250501_180627_742041.png,-0.4392707347869873,-4.331393718719482,10.058728218078613,0.06447680294513702,0.0013652251800522208,-1.1532772779464722,-0.800000011920929,0.6625708937644958,0.0,16.256600546335758
408,20250501_180627_796042,output/rgb/20250501_180627_796042.jpg,output/depth/20250501_180627_796042.png,3.0378262996673584,-1.5744730234146118,9.654613494873047,0.08316708356142044,-0.07721216231584549,-1.0612847805023193,0.800000011920929,0.5301169753074646,0.0,17.54000118660483
409,20250501_180627_851043,output/rgb/20250501_180627_851043.jpg,output/depth/20250501_180627_851043.png,-2.5747079849243164,6.31137752532959,9.783392906188965,0.26579973101615906,-0.1567716747522354,0.409665584564209,0.800000011920929,0.3422129452228546,0.0,15.639973851667534
410,20250501_180627_896043,output/rgb/20250501_180627_896043.jpg,output/depth/20250501_180627_896043.png,-5.739779472351074,6.443951606750488,9.32781982421875,0.1198413297533989,-0.02509661763906479,1.017585277557373,0.800000011920929,0.5935229659080505,0.0,14.832838051650864
411,20250501_180627_949044,output/rgb/20250501_180627_949044.jpg,output/depth/20250501_180627_949044.png,-0.40806350111961365,4.457984924316406,9.504536628723145,-0.0529041513800621,0.003813039278611541,1.1282823085784912,0.800000011920929,0.699999988079071,0.0,15.884273227170084
412,20250501_180628_003044,output/rgb/20250501_180628_003044.jpg,output/depth/20250501_180628_003044.png,-0.2857690453529358,5.005040645599365,9.527798652648926,-0.022810421884059906,-0.00682690879330039,1.212128758430481,-0.800000011920929,0.5559515357017517,0.0,17.336910039764682
413,20250501_180628_053042,output/rgb/20250501_180628_053042.jpg,output/depth/20250501_180628_053042.png,0.8854653835296631,-7.107825756072998,10.473064422607422,-0.29316848516464233,-0.1437174677848816,0.09982102364301682,-0.800000011920929,0.0,1.0,16.349359247042102
414,20250501_180628_103043,output/rgb/20250501_180628_103043.jpg,output/depth/20250501_180628_103043.png,-5.952584266662598,-1.9255986213684082,9.661548614501953,-0.04824355989694595,0.02019640803337097,-0.5984164476394653,-0.4598480463027954,0.0,1.0,11.402367762240019
415,20250501_180628_154042,output/rgb/20250501_180628_154042.jpg,output/depth/20250501_180628_154042.png,-9.008160591125488,-2.053039789199829,9.476903915405273,0.08294334262609482,0.04043629392981529,-0.575756847858429,-0.800000011920929,0.0,1.0,4.483042520129539
416,20250501_180628_208044,output/rgb/20250501_180628_208044.jpg,output/depth/20250501_180628_208044.png,-4.148874759674072,3.585747003555298,9.48318862915039,0.15395241975784302,-0.005215140525251627,0.0020878463983535767,-0.6801574230194092,0.0,1.0,0.04010498548952829
417,20250501_180628_250044,output/rgb/20250501_180628_250044.jpg,output/depth/20250501_180628_250044.png,-0.005831731949001551,-0.12964610755443573,9.831363677978516,-0.015879318118095398,-0.04268337041139603,-0.0007624481804668903,0.5415526628494263,0.0,1.0,0.03380575399131164
418,20250501_180628_291045,output/rgb/20250501_180628_291045.jpg,output/depth/20250501_180628_291045.png,-0.04128292202949524,0.023069607093930244,9.874479293823242,-0.02509239688515663,-0.023638024926185608,0.0005202954635024071,0.16469314694404602,0.0,1.0,0.021058403927109406
419,20250501_180628_333042,output/rgb/20250501_180628_333042.jpg,output/depth/20250501_180628_333042.png,-0.018987789750099182,0.016321919858455658,9.842578887939453,-0.013486627489328384,-0.009534494951367378,0.00030442653223872185,-0.47459501028060913,0.0,1.0,0.008641709287992351
420,20250501_180628_377044,output/rgb/20250501_180628_377044.jpg,output/depth/20250501_180628_377044.png,-0.0018409546464681625,0.010150964371860027,9.82290267944336,-0.005578387528657913,-0.003338577225804329,1.436948969057994e-05,-0.4557144045829773,0.0,1.0,0.001062523621727184
421,20250501_180628_420042,output/rgb/20250501_180628_420042.jpg,output/depth/20250501_180628_420042.png,-2.416968982288381e-06,-6.663737508461054e-07,9.808871269226074,-0.001786542241461575,-0.000973098911345005,2.6167397209064802e-06,-0.4554065465927124,0.0,1.0,0.00031871375438547264
422,20250501_180628_509043,output/rgb/20250501_180628_509043.jpg,output/depth/20250501_180628_509043.png,0.005304577294737101,0.004675392992794514,9.809910774230957,-0.0004514610627666116,-0.00021027795446570963,4.077165272065031e-07,-0.4561934769153595,0.0,1.0,0.0003377906123693627
423,20250501_180628_551044,output/rgb/20250501_180628_551044.jpg,output/depth/20250501_180628_551044.png,-0.0046747042797505856,0.005304789636284113,9.810300827026367,-0.000274701917078346,-0.00011882890976266935,2.3243465818723053e-07,-0.456622451543808,0.0,1.0,0.0
424,20250501_180628_593046,output/rgb/20250501_180628_593046.jpg,output/depth/20250501_180628_593046.png,0.0024949642829596996,-0.00015734338376205415,9.809964179992676,-0.00011798564082710072,-4.7942645323928446e-05,6.079114456269963e-08,-0.45650729537010193,0.0,1.0,8.753722175549252e-05
425,20250501_180628_636042,output/rgb/20250501_180628_636042.jpg,output/depth/20250501_180628_636042.png,-0.0003163544461131096,-0.004990099463611841,9.80929946899414,-7.523500244133174e-05,-2.8397616915754043e-05,3.813848792333374e-08,-0.4566280245780945,0.0,1.0,1.5462848866824538e-05
426,20250501_180628_677041,output/rgb/20250501_180628_677041.jpg,output/depth/20250501_180628_677041.png,9.815656767386827e-07,4.827619193292776e-09,9.810412406921387,-2.9746854124823585e-05,-1.0878408829739783e-05,7.161280901613054e-09,-0.4566280245780945,0.0,1.0,2.2515586164706787e-05
427,20250501_180628_719041,output/rgb/20250501_180628_719041.jpg,output/depth/20250501_180628_719041.png,9.82253254733223e-07,2.413806043932709e-09,9.810412406921387,-2.0241548554622568e-05,-6.91736931912601e-06,5.204926267765586e-09,-0.45662015676498413,0.0,1.0,3.6588687519964153e-06
428,20250501_180628_761041,output/rgb/20250501_180628_761041.jpg,output/depth/20250501_180628_761041.png,0.0,0.0,9.8100004196167,-7.539557827840326e-06,-2.384161234658677e-06,-2.2527202325761664e-10,-0.4565945267677307,0.0,1.0,6.0495403176905155e-06
429,20250501_180628_803042,output/rgb/20250501_180628_803042.jpg,output/depth/20250501_180628_803042.png,-0.0003153748984914273,-0.0049900878220796585,9.809711456298828,-5.293272351991618e-06,-1.5817455505384714e-06,-5.687757487216061e-10,-0.45663028955459595,0.0,1.0,0.0
430,20250501_180628_846042,output/rgb/20250501_180628_846042.jpg,output/depth/20250501_180628_846042.png,0.0,0.0,9.8100004196167,-2.0352147203084314e-06,-5.789389661003952e-07,-1.3376101337669866e-09,-0.45663028955459595,0.0,1.0,1.5576427031602507e-06
431,20250501_180628_889042,output/rgb/20250501_180628_889042.jpg,output/depth/20250501_180628_889042.png,0.0,0.0,9.8100004196167,-1.2428187119439826e-06,-3.553502949671383e-07,1.1513999753631765e-09,-0.45663028955459595,0.0,1.0,2.7596122784702774e-06
432,20250501_180628_930043,output/rgb/20250501_180628_930043.jpg,output/depth/20250501_180628_930043.png,0.0,0.0,9.8100004196167,-4.2825641344279575e-07,-3.296397039775911e-07,1.6562165527922446e-10,-0.45663028955459595,0.0,1.0,1.451854172293956e-06
433,20250501_180628_973042,output/rgb/20250501_180628_973042.jpg,output/depth/20250501_180628_973042.png,0.0,0.0,9.8100004196167,-6.565840635630593e-07,-2.78500369432777e-08,-1.1918508402430916e-09,-0.45663028955459595,0.0,1.0,6.032216726537621e-07
434,20250501_180629_015041,output/rgb/20250501_180629_015041.jpg,output/depth/20250501_180629_015041.png,0.0,0.0,9.8100004196167,-1.4265884829001152e-07,-1.4501727818583277e-08,-2.170327806361172e-10,-0.45663028955459595,0.0,1.0,6.053678972243104e-07
435,20250501_180629_055043,output/rgb/20250501_180629_055043.jpg,output/depth/20250501_180629_055043.png,0.0,0.0,9.8100004196167,-4.682401595346164e-07,-3.576583651465626e-08,-7.358274545232746e-10,-0.45663028955459595,0.0,1.0,1.2976544636986361e-06
436,20250501_180629_098045,output/rgb/20250501_180629_098045.jpg,output/depth/20250501_180629_098045.png,0.0,0.0,9.8100004196167,4.0852548011116596e-08,-3.0274783568984276e-08,2.2053442405578494e-10,-0.45663028955459595,0.0,1.0,2.831731688481986e-07
437,20250501_180629_141043,output/rgb/20250501_180629_141043.jpg,output/depth/20250501_180629_141043.png,0.0,0.0,9.8100004196167,1.467652168685163e-07,-8.669866247146274e-08,2.305592106122134e-10,-0.45663028955459595,0.0,1.0,9.73186304133616e-07
438,20250501_180629_183042,output/rgb/20250501_180629_183042.jpg,output/depth/20250501_180629_183042.png,0.0,0.0,9.8100004196167,2.9277654078896376e-08,-1.6260967017345251e-09,6.669376162449225e-11,-0.45663028955459595,0.0,1.0,2.7949558277863657e-07
439,20250501_180629_225042,output/rgb/20250501_180629_225042.jpg,output/depth/20250501_180629_225042.png,0.0,0.0,9.8100004196167,1.6868882823928288e-07,-3.970997397573228e-08,4.917430351802921e-10,-0.45663028955459595,0.0,1.0,2.4821157331026364e-06
440,20250501_180629_268047,output/rgb/20250501_180629_268047.jpg,output/depth/20250501_180629_268047.png,0.0,0.0,9.8100004196167,1.9897981928806985e-08,-3.5426916955572096e-09,4.583431550964079e-11,-0.45663028955459595,0.0,1.0,1.8151607292297464e-06
441,20250501_180629_312043,output/rgb/20250501_180629_312043.jpg,output/depth/20250501_180629_312043.png,0.0,0.0,9.8100004196167,1.4958260408093338e-07,-5.104411116008123e-08,5.441905259750968e-10,-0.45663028955459595,0.0,1.0,2.6179456055011078e-06
442,20250501_180629_354044,output/rgb/20250501_180629_354044.jpg,output/depth/20250501_180629_354044.png,0.0,0.0,9.8100004196167,0.0,0.0,0.0,-0.45663028955459595,0.0,1.0,1.3768308972516628e-07
443,20250501_180629_395043,output/rgb/20250501_180629_395043.jpg,output/depth/20250501_180629_395043.png,0.0,0.0,9.8100004196167,5.709655326313623e-08,-2.498327944522316e-08,2.628717521435675e-10,-0.45663028955459595,0.0,1.0,4.824145021698484e-07
444,20250501_180629_438045,output/rgb/20250501_180629_438045.jpg,output/depth/20250501_180629_438045.png,0.0,0.0,9.8100004196167,-1.0103877734479738e-08,-1.238264601965966e-08,7.079914432495116e-11,-0.45663028955459595,0.0,1.0,4.139553418291535e-07
445,20250501_180629_478043,output/rgb/20250501_180629_478043.jpg,output/depth/20250501_180629_478043.png,0.0,0.0,9.8100004196167,-7.532945289767667e-08,2.3406538929293674e-09,-1.0629411795193278e-09,-0.45663028955459595,0.0,1.0,8.255219622773629e-07
446,20250501_180629_519050,output/rgb/20250501_180629_519050.jpg,output/depth/20250501_180629_519050.png,0.0,0.0,9.8100004196167,-3.2093527835286295e-08,-2.5176799312021103e-08,7.754532432846517e-11,-0.45663028955459595,0.0,1.0,4.1275458707938377e-07
447,20250501_180629_561044,output/rgb/20250501_180629_561044.jpg,output/depth/20250501_180629_561044.png,0.0,0.0,9.8100004196167,5.86808042157827e-08,-1.5982207557385664e-08,1.9005501339375286e-10,-0.45663028955459595,0.0,1.0,1.0990237770687235e-06
448,20250501_180629_603043,output/rgb/20250501_180629_603043.jpg,output/depth/20250501_180629_603043.png,0.0,0.0,9.8100004196167,-2.4870027814927198e-08,-1.4577948626026682e-08,5.516648943215685e-11,-0.45663028955459595,0.0,1.0,0.0
449,20250501_180629_645042,output/rgb/20250501_180629_645042.jpg,output/depth/20250501_180629_645042.png,0.0,0.0,9.8100004196167,-4.9614598651714914e-08,-8.27494073263324e-10,-9.780423138039396e-10,-0.45663028955459595,0.0,1.0,6.876638071740903e-07
450,20250501_180629_689044,output/rgb/20250501_180629_689044.jpg,output/depth/20250501_180629_689044.png,0.0,0.0,9.8100004196167,-2.2716724501492536e-08,-2.9998712847145725e-08,1.6037504657617774e-11,-0.45663028955459595,0.0,1.0,2.0646497642271238e-07
451,20250501_180629_731052,output/rgb/20250501_180629_731052.jpg,output/depth/20250501_180629_731052.png,0.0,0.0,9.8100004196167,2.4893994421404386e-08,3.1739495476301727e-09,2.7687883236149347e-11,-0.45663028955459595,0.0,1.0,6.866091973786152e-07
452,20250501_180629_773043,output/rgb/20250501_180629_773043.jpg,output/depth/20250501_180629_773043.png,0.0,0.0,9.8100004196167,-1.0529537242121023e-08,-1.0747666756572016e-08,-5.8104299149874805e-11,-0.45663028955459595,0.0,1.0,2.7472543063015796e-07
453,20250501_180629_839044,output/rgb/20250501_180629_839044.jpg,output/depth/20250501_180629_839044.png,0.0,0.0,9.8100004196167,-2.7387450529658963e-08,-1.959615580915397e-08,-5.527861501875009e-11,-0.45663028955459595,0.0,1.0,8.24493334039347e-07
454,20250501_180629_881042,output/rgb/20250501_180629_881042.jpg,output/depth/20250501_180629_881042.png,0.0,0.0,9.8100004196167,0.0,0.0,0.0,-0.45663028955459595,0.0,1.0,1.3768308972330826e-07
455,20250501_180629_922042,output/rgb/20250501_180629_922042.jpg,output/depth/20250501_180629_922042.png,0.0,0.0,9.8100004196167,-1.7565417564924246e-08,-2.496243034499912e-08,-7.880163188644929e-10,-0.45663028955459595,0.0,1.0,6.872961838151288e-07
456,20250501_180629_966041,output/rgb/20250501_180629_966041.jpg,output/depth/20250501_180629_966041.png,0.0,0.0,9.8100004196167,-3.954643545966974e-08,-3.148908334082989e-08,1.3140455390470152e-10,-0.45663028955459595,0.0,1.0,2.0626913886519413e-07
457,20250501_180630_634042,output/rgb/20250501_180630_634042.jpg,output/depth/20250501_180630_634042.png,0.0,0.0,9.8100004196167,-5.332666930257801e-08,-2.9289418890243724e-08,-4.773498263332954e-11,-0.45663028955459595,0.0,1.0,6.868883041106141e-07
458,20250501_180630_705045,output/rgb/20250501_180630_705045.jpg,output/depth/20250501_180630_705045.png,0.0,0.0,9.8100004196167,-2.6766233673924944e-08,-2.172923885268574e-08,-7.908662058575544e-10,-0.45663028955459595,0.0,1.0,1.3736337621101338e-07
459,20250501_180630_765047,output/rgb/20250501_180630_765047.jpg,output/depth/20250501_180630_765047.png,0.0,0.0,9.8100004196167,-3.411200921732416e-08,-1.545536854052898e-08,2.4413191954120173e-11,-0.45663028955459595,0.0,1.0,6.88184785057768e-07
460,20250501_180630_809042,output/rgb/20250501_180630_809042.jpg,output/depth/20250501_180630_809042.png,0.0,0.0,9.8100004196167,-5.51814665072925e-08,-3.3848444047634985e-08,6.569174371140463e-11,-0.45663028955459595,0.0,1.0,1.3758401985083013e-07
461,20250501_180630_855043,output/rgb/20250501_180630_855043.jpg,output/depth/20250501_180630_855043.png,0.0,0.0,9.8100004196167,1.0852904352987025e-08,-2.760867978679471e-08,1.8397731949004736e-10,-0.45663028955459595,0.0,1.0,6.870274203564271e-07
462,20250501_180630_899045,output/rgb/20250501_180630_899045.jpg,output/depth/20250501_180630_899045.png,0.0,0.0,9.8100004196167,-4.523483099205805e-08,-2.900062057165087e-08,-8.00306154680186e-10,-0.45663028955459595,0.0,1.0,0.0
463,20250501_180630_942046,output/rgb/20250501_180630_942046.jpg,output/depth/20250501_180630_942046.png,0.0,0.0,9.8100004196167,-2.396314080499451e-08,-9.4650047799405e-09,-8.767606640702752e-10,-0.45663028955459595,0.0,1.0,5.499312285465513e-07
464,20250501_180630_986047,output/rgb/20250501_180630_986047.jpg,output/depth/20250501_180630_986047.png,0.0,0.0,9.8100004196167,-5.347269294020407e-08,-2.9284292324405214e-08,6.823336340389119e-11,-0.45663028955459595,0.0,1.0,1.3837303606883208e-07
465,20250501_180631_028042,output/rgb/20250501_180631_028042.jpg,output/depth/20250501_180631_028042.png,0.0,0.0,9.8100004196167,6.491361403959672e-08,4.60337830077151e-08,-5.4929394366354245e-12,-0.45663028955459595,0.0,1.0,1.518074531347038e-06
466,20250501_180631_072060,output/rgb/20250501_180631_072060.jpg,output/depth/20250501_180631_072060.png,0.0,0.0,9.8100004196167,8.576983390184978e-08,7.370415744389902e-08,6.616526770919506e-10,-0.45663028955459595,0.0,1.0,1.7878853177595235e-06
467,20250501_180631_116061,output/rgb/20250501_180631_116061.jpg,output/depth/20250501_180631_116061.png,0.0,0.0,9.8100004196167,-1.1341078298698903e-08,-8.427846864833555e-09,1.0488120788521016e-11,-0.45663028955459595,0.0,1.0,5.495352798810193e-07
468,20250501_180631_159042,output/rgb/20250501_180631_159042.jpg,output/depth/20250501_180631_159042.png,0.0,0.0,9.8100004196167,-3.565235928704169e-08,-3.0373886517054416e-08,8.282652341762287e-11,-0.45663028955459595,0.0,1.0,1.2482483149001293e-06
469,20250501_180631_232043,output/rgb/20250501_180631_232043.jpg,output/depth/20250501_180631_232043.png,0.0,0.0,9.8100004196167,8.218088254352551e-08,6.808173935723971e-08,6.790626949637613e-10,-0.45663028955459595,0.0,1.0,1.4449636776082111e-06
470,20250501_180631_274043,output/rgb/20250501_180631_274043.jpg,output/depth/20250501_180631_274043.png,0.0,0.0,9.8100004196167,5.218664611561508e-09,-1.6683214809631863e-09,-8.826788189253421e-10,-0.45663028955459595,0.0,1.0,2.7471364364096215e-07
471,20250501_180631_319043,output/rgb/20250501_180631_319043.jpg,output/depth/20250501_180631_319043.png,0.0,0.0,9.8100004196167,-3.241854429347768e-08,-2.1763113977613102e-08,6.533495272575962e-11,-0.45663028955459595,0.0,1.0,9.620317772218297e-07
472,20250501_180631_361042,output/rgb/20250501_180631_361042.jpg,output/depth/20250501_180631_361042.png,0.0,0.0,9.8100004196167,4.811235854162987e-09,-3.2428424390218424e-09,1.2546390142087471e-11,-0.45663028955459595,0.0,1.0,2.747378307663668e-07
473,20250501_180631_403045,output/rgb/20250501_180631_403045.jpg,output/depth/20250501_180631_403045.png,0.0,0.0,9.8100004196167,-1.6198796970456897e-08,-2.7414516878820905e-08,1.304767682785979e-10,-0.45663028955459595,0.0,1.0,8.248890170202735e-07
474,20250501_180631_446041,output/rgb/20250501_180631_446041.jpg,output/depth/20250501_180631_446041.png,0.0,0.0,9.8100004196167,0.0,0.0,0.0,-0.45663028955459595,0.0,1.0,1.3753206925906146e-07
475,20250501_180631_490042,output/rgb/20250501_180631_490042.jpg,output/depth/20250501_180631_490042.png,0.0,0.0,9.8100004196167,-2.431106693734364e-08,-2.1917037074103973e-08,7.966256820868267e-11,-0.45663028955459595,0.0,1.0,8.247013650786843e-07
476,20250501_180631_533044,output/rgb/20250501_180631_533044.jpg,output/depth/20250501_180631_533044.png,0.0,0.0,9.8100004196167,1.690995077296975e-07,1.545811869618774e-07,4.4523565390086617e-10,-0.45663028955459595,0.0,1.0,1.374789491427271e-07
477,20250501_180631_575042,output/rgb/20250501_180631_575042.jpg,output/depth/20250501_180631_575042.png,0.0,0.0,9.8100004196167,-1.268762339634577e-08,-2.2754317541284763e-08,-7.917377864430364e-10,-0.45663028955459595,0.0,1.0,6.871342732593804e-07
478,20250501_180631_619043,output/rgb/20250501_180631_619043.jpg,output/depth/20250501_180631_619043.png,0.0,0.0,9.8100004196167,-4.499320027662179e-08,-3.313103391633376e-08,-7.763217846346038e-10,-0.45663028955459595,0.0,1.0,2.7472543063015796e-07
479,20250501_180631_661041,output/rgb/20250501_180631_661041.jpg,output/depth/20250501_180631_661041.png,0.0,0.0,9.8100004196167,-2.6005338327195204e-08,-1.556122519730252e-08,4.0761720387916256e-11,-0.45663028955459595,0.0,1.0,6.870322133219456e-07
480,20250501_180631_705044,output/rgb/20250501_180631_705044.jpg,output/depth/20250501_180631_705044.png,0.0,0.0,9.8100004196167,-6.690868303849129e-09,-1.9555089991740715e-08,-7.797048562352416e-10,-0.45663028955459595,0.0,1.0,0.0
481,20250501_180631_745044,output/rgb/20250501_180631_745044.jpg,output/depth/20250501_180631_745044.png,0.0,0.0,9.8100004196167,-1.4608650289460456e-08,-1.7498136273275122e-08,4.6799661368446266e-11,-0.45663028955459595,0.0,1.0,5.498219561089708e-07
482,20250501_180631_789048,output/rgb/20250501_180631_789048.jpg,output/depth/20250501_180631_789048.png,0.0,0.0,9.8100004196167,1.5674251585551247e-07,1.446800581561547e-07,4.581819645910201e-10,-0.45663028955459595,0.0,1.0,1.3837303606883208e-07
483,20250501_180631_834044,output/rgb/20250501_180631_834044.jpg,output/depth/20250501_180631_834044.png,0.0,0.0,9.8100004196167,6.447390177299894e-08,4.700373423816018e-08,-1.3100731610649063e-10,-0.45663028955459595,0.0,1.0,8.960907231638888e-07
484,20250501_180631_878042,output/rgb/20250501_180631_878042.jpg,output/depth/20250501_180631_878042.png,0.0,0.0,9.8100004196167,-1.269027478656426e-07,-1.0969475283673091e-07,3.1519958865189324e-10,-0.45663028955459595,0.0,1.0,1.7875689838370478e-06
485,20250501_180631_919048,output/rgb/20250501_180631_919048.jpg,output/depth/20250501_180631_919048.png,0.0,0.0,9.8100004196167,6.010255049204716e-08,4.2833960378629854e-08,-9.484747709453956e-11,-0.45663028955459595,0.0,1.0,1.5193337161888832e-06
486,20250501_180631_969042,output/rgb/20250501_180631_969042.jpg,output/depth/20250501_180631_969042.png,0.0,0.0,9.8100004196167,-1.3017832145578723e-07,-1.1423573909041806e-07,-5.584129270097549e-10,-0.45663028955459595,0.0,1.0,0.0
487,20250501_180632_014042,output/rgb/20250501_180632_014042.jpg,output/depth/20250501_180632_014042.png,0.0,0.0,9.8100004196167,3.62157948075037e-08,3.5255013131063606e-08,7.847766880786367e-10,-0.45663028955459595,0.0,1.0,8.94009282731166e-07
488,20250501_180632_057042,output/rgb/20250501_180632_057042.jpg,output/depth/20250501_180632_057042.png,0.0,0.0,9.8100004196167,-1.237754645444511e-07,-1.0704010122708496e-07,-4.993922497753545e-10,-0.45663028955459595,0.0,1.0,1.7878469499259559e-06
489,20250501_180632_102045,output/rgb/20250501_180632_102045.jpg,output/depth/20250501_180632_102045.png,0.0,0.0,9.8100004196167,1.992761511360186e-09,1.7884968173120797e-08,-8.186602784565622e-11,-0.45663028955459595,0.0,1.0,1.388983398339586e-06
490,20250501_180632_142044,output/rgb/20250501_180632_142044.jpg,output/depth/20250501_180632_142044.png,0.0,0.0,9.8100004196167,7.33893870119573e-08,6.40552144659523e-08,6.873094871018282e-10,-0.45663028955459595,0.0,1.0,6.930518983311783e-08
491,20250501_180632_185046,output/rgb/20250501_180632_185046.jpg,output/depth/20250501_180632_185046.png,0.0,0.0,9.8100004196167,5.443039086117096e-08,4.061485725515013e-08,-1.1246260173125577e-10,-0.45663028955459595,0.0,1.0,1.5182128337745392e-06
492,20250501_180632_227046,output/rgb/20250501_180632_227046.jpg,output/depth/20250501_180632_227046.png,0.0,0.0,9.8100004196167,1.1025469603964666e-07,7.887072683843144e-08,-2.2127186194431658e-10,-0.45663028955459595,0.0,1.0,0.0
493,20250501_180632_272042,output/rgb/20250501_180632_272042.jpg,output/depth/20250501_180632_272042.png,0.0,0.0,9.8100004196167,1.976184016427851e-08,2.1693864482585923e-08,-7.01366187350061e-11,-0.45663028955459595,0.0,1.0,1.3872720368137757e-06
494,20250501_180632_315045,output/rgb/20250501_180632_315045.jpg,output/depth/20250501_180632_315045.png,0.0,0.0,9.8100004196167,-1.5160559030391596e-07,-1.2418945516401436e-07,-5.498390076574822e-10,-0.45663028955459595,0.0,1.0,2.3396193269480455e-06
495,20250501_180632_356047,output/rgb/20250501_180632_356047.jpg,output/depth/20250501_180632_356047.png,0.0,0.0,9.8100004196167,3.700774797721351e-08,2.7928757972972562e-08,-7.054663797578797e-11,-0.45663028955459595,0.0,1.0,6.203255641498985e-07
496,20250501_180632_398044,output/rgb/20250501_180632_398044.jpg,output/depth/20250501_180632_398044.png,0.0,0.0,9.8100004196167,-1.4347011756399297e-07,-1.2284475303658837e-07,3.6060560093531535e-10,-0.45663028955459595,0.0,1.0,2.2013268784667633e-06
497,20250501_180632_443053,output/rgb/20250501_180632_443053.jpg,output/depth/20250501_180632_443053.png,0.0,0.0,9.8100004196167,3.4706459928202094e-08,2.5343522835896692e-08,-4.076106813188929e-11,-0.45663028955459595,0.0,1.0,6.884959238914056e-07
498,20250501_180632_486043,output/rgb/20250501_180632_486043.jpg,output/depth/20250501_180632_486043.png,0.0,0.0,9.8100004196167,-1.3657995623361785e-07,-1.2045948949435115e-07,-5.33788457879325e-10,-0.45663028955459595,0.0,1.0,2.3389492811380754e-06
499,20250501_180632_530045,output/rgb/20250501_180632_530045.jpg,output/depth/20250501_180632_530045.png,0.0,0.0,9.8100004196167,1.8641077570435982e-09,-6.332077973070227e-09,-7.770656340611026e-11,-0.45663028955459595,0.0,1.0,2.7490598198744327e-07
500,20250501_180632_575050,output/rgb/20250501_180632_575050.jpg,output/depth/20250501_180632_575050.png,-0.12969428300857544,0.048262640833854675,9.8206787109375,0.0024436996318399906,0.0026063285768032074,0.0010874029248952866,-0.45663028955459595,0.699999988079071,0.0,0.051020610946129315
501,20250501_180632_617042,output/rgb/20250501_180632_617042.jpg,output/depth/20250501_180632_617042.png,0.2573334276676178,0.14917314052581787,9.803250312805176,0.004801145754754543,-0.0013416806468740106,0.00024932902306318283,-0.45673176646232605,0.699999988079071,0.0,0.20701322934333993
502,20250501_180632_658043,output/rgb/20250501_180632_658043.jpg,output/depth/20250501_180632_658043.png,1.9854999780654907,-0.594433605670929,9.810486793518066,-0.018068326637148857,-0.013455834239721298,-0.07668212801218033,-0.45691731572151184,0.699999988079071,0.0,1.9017828525286118
503,20250501_180632_702047,output/rgb/20250501_180632_702047.jpg,output/depth/20250501_180632_702047.png,3.2238917350769043,-0.7698976397514343,9.805765151977539,-0.02141381986439228,-0.015155963599681854,-0.1798369586467743,-0.4569252133369446,0.699999988079071,0.0,4.599366644968466
504,20250501_180632_748045,output/rgb/20250501_180632_748045.jpg,output/depth/20250501_180632_748045.png,3.0434675216674805,-0.8292556405067444,9.809309959411621,-0.012697910889983177,-0.005456162616610527,-0.2815414071083069,-0.44132697582244873,0.699999988079071,0.0,7.554304417803788
505,20250501_180632_793042,output/rgb/20250501_180632_793042.jpg,output/depth/20250501_180632_793042.png,3.6117231845855713,1.6757129430770874,9.743743896484375,0.06921833008527756,-0.00867073517292738,-0.23461365699768066,-0.21049651503562927,0.699999988079071,0.0,9.50865930424219
506,20250501_180632_840043,output/rgb/20250501_180632_840043.jpg,output/depth/20250501_180632_840043.png,2.3632683753967285,-0.5771751403808594,9.800701141357422,0.010716419667005539,0.0027285395190119743,-0.19145654141902924,-0.18157926201820374,0.699999988079071,0.0,10.784669908377639
507,20250501_180632_884047,output/rgb/20250501_180632_884047.jpg,output/depth/20250501_180632_884047.png,2.0978362560272217,2.8502533435821533,9.782220840454102,0.0788753479719162,-0.008078161627054214,0.03635358437895775,0.04576025903224945,0.699999988079071,0.0,12.314372335846704
508,20250501_180632_930042,output/rgb/20250501_180632_930042.jpg,output/depth/20250501_180632_930042.png,0.8433854579925537,4.513524055480957,9.778435707092285,0.10894600301980972,-0.004938903730362654,0.2997758388519287,0.3047274053096771,0.699999988079071,0.0,13.950063208823202
509,20250501_180632_973042,output/rgb/20250501_180632_973042.jpg,output/depth/20250501_180632_973042.png,2.77618145942688,-2.303396224975586,9.775167465209961,-0.10380276292562485,0.0018786051077768207,0.25573617219924927,0.01801164448261261,0.5211935639381409,0.0,15.387208073526553
510,20250501_180633_028042,output/rgb/20250501_180633_028042.jpg,output/depth/20250501_180633_028042.png,1.0351959466934204,0.10650160163640976,9.817883491516113,-0.0352630540728569,0.0067216516472399235,0.0307936854660511,0.01801164448261261,0.5211935639381409,0.0,16.31652496046958
511,20250501_180633_070042,output/rgb/20250501_180633_070042.jpg,output/depth/20250501_180633_070042.png,0.3929007649421692,-0.2362748384475708,9.8113374710083,-0.01121683418750763,0.00798314530402422,-0.007846239022910595,-0.006730143446475267,0.43698421120643616,0.0,16.504775956153765
512,20250501_180633_114043,output/rgb/20250501_180633_114043.jpg,output/depth/20250501_180633_114043.png,-0.20926980674266815,-1.0399764776229858,9.77780818939209,-0.039109036326408386,0.009429626166820526,-0.1960599571466446,-0.12392160296440125,0.4381316900253296,0.0,16.35786194459211
513,20250501_180633_159047,output/rgb/20250501_180633_159047.jpg,output/depth/20250501_180633_159047.png,-0.17048534750938416,-0.8923154473304749,9.788424491882324,0.0057938117533922195,0.0033016132656484842,-0.19792601466178894,-0.12041418254375458,0.4475153088569641,0.0,16.26119677029877
514,20250501_180633_205041,output/rgb/20250501_180633_205041.jpg,output/depth/20250501_180633_205041.png,-0.05851495638489723,-0.732496440410614,9.794415473937988,0.014218706637620926,-0.0007827914669178426,-0.17937026917934418,-0.10850981622934341,0.4761413633823395,0.0,16.245683448436726
515,20250501_180633_251042,output/rgb/20250501_180633_251042.jpg,output/depth/20250501_180633_251042.png,0.11249086260795593,-0.3013017475605011,9.80602741241455,0.02305595576763153,-0.004602779634296894,-0.12304139882326126,0.04086538031697273,0.47801080346107483,0.0,16.267239817574698
516,20250501_180633_295050,output/rgb/20250501_180633_295050.jpg,output/depth/20250501_180633_295050.png,0.09171364456415176,0.1920885145664215,9.983376502990723,0.010208054445683956,-0.01333784032613039,0.06174765154719353,0.04086538031697273,0.47801080346107483,0.0,16.19698221595164
517,20250501_180633_339045,output/rgb/20250501_180633_339045.jpg,output/depth/20250501_180633_339045.png,-0.12119461596012115,0.26424360275268555,9.217638969421387,-0.0014667606446892023,-0.024213777855038643,0.0648922249674797,0.015474334359169006,0.4890724718570709,0.0,16.277712927637317
518,20250501_180633_386044,output/rgb/20250501_180633_386044.jpg,output/depth/20250501_180633_386044.png,0.1478888988494873,0.13115324079990387,9.749199867248535,-0.012609791941940784,0.0010124726686626673,0.027232054620981216,-0.009906481951475143,0.4708144962787628,0.0,16.403919446984332
519,20250501_180633_430044,output/rgb/20250501_180633_430044.jpg,output/depth/20250501_180633_430044.png,0.10570847243070602,-0.07147880643606186,9.820155143737793,-0.011824419721961021,0.0031718637328594923,-0.015555162914097309,-0.13426436483860016,0.46090084314346313,0.0,16.38424120430584
520,20250501_180633_474044,output/rgb/20250501_180633_474044.jpg,output/depth/20250501_180633_474044.png,0.07761558145284653,-1.0565400123596191,9.45358657836914,-0.02205626294016838,0.05397188663482666,-0.21658995747566223,-0.27253246307373047,0.4768477976322174,0.0,16.22556915702613
521,20250501_180633_520043,output/rgb/20250501_180633_520043.jpg,output/depth/20250501_180633_520043.png,-0.40306490659713745,-2.2071163654327393,9.55952262878418,-0.04392861947417259,0.014265920966863632,-0.4186970293521881,-0.35131603479385376,0.48968008160591125,0.0,16.085413736567464
522,20250501_180633_566042,output/rgb/20250501_180633_566042.jpg,output/depth/20250501_180633_566042.png,-0.3199089467525482,-2.491945505142212,9.703946113586426,-0.01846448704600334,0.0035365656949579716,-0.5402059555053711,-0.35473382472991943,0.5064258575439453,0.0,16.17548981824867
523,20250501_180633_623041,output/rgb/20250501_180633_623041.jpg,output/depth/20250501_180633_623041.png,1.2229886054992676,1.9916179180145264,9.770478248596191,0.11821159720420837,-0.06848806887865067,-0.3641205430030823,0.11556732654571533,0.48010721802711487,0.0,16.274116058751975
524,20250501_180633_678048,output/rgb/20250501_180633_678048.jpg,output/depth/20250501_180633_678048.png,0.07959727197885513,0.8872209191322327,9.789106369018555,0.06588408350944519,-0.034722454845905304,0.18349651992321014,0.18088029325008392,0.4857625961303711,0.0,16.288123823982925
525,20250501_180633_720044,output/rgb/20250501_180633_720044.jpg,output/depth/20250501_180633_720044.png,0.016714680939912796,1.4077907800674438,9.749855041503906,0.014942143112421036,-0.0038237757980823517,0.2898837924003601,0.10995778441429138,0.47559842467308044,0.0,16.433228139380397
526,20250501_180633_777043,output/rgb/20250501_180633_777043.jpg,output/depth/20250501_180633_777043.png,0.089940644800663,0.8709705471992493,9.820444107055664,-0.031011683866381645,0.014567929320037365,0.1834743171930313,-0.02618209645152092,0.4571044147014618,0.0,16.465919270138738
527,20250501_180633_824041,output/rgb/20250501_180633_824041.jpg,output/depth/20250501_180633_824041.png,-0.01588251441717148,-0.18722043931484222,9.81161117553711,-0.037379100918769836,0.01412156131118536,-0.04204300791025162,-0.11996366083621979,0.46126583218574524,0.0,16.395353495544416
528,20250501_180633_871047,output/rgb/20250501_180633_871047.jpg,output/depth/20250501_180633_871047.png,-0.7046996355056763,-3.237308979034424,9.763480186462402,-0.07607102394104004,0.03339271992444992,-0.29465213418006897,-0.800000011920929,0.4658602178096771,0.0,15.717674658677803
529,20250501_180633_929048,output/rgb/20250501_180633_929048.jpg,output/depth/20250501_180633_929048.png,-5.333747863769531,-6.634671688079834,9.489751815795898,-0.10406588017940521,0.08547508716583252,-1.0005213022232056,-0.800000011920929,0.6973327398300171,0.0,14.759943927357979
530,20250501_180633_983044,output/rgb/20250501_180633_983044.jpg,output/depth/20250501_180633_983044.png,-0.1891007423400879,-4.534279823303223,9.534146308898926,0.006618831306695938,-0.018920494243502617,-1.1352027654647827,-0.800000011920929,0.6063214540481567,0.0,16.245412979618944
531,20250501_180634_044045,output/rgb/20250501_180634_044045.jpg,output/depth/20250501_180634_044045.png,-0.6413612365722656,-5.065432548522949,9.543075561523438,0.0031229404266923666,-0.009314765222370625,-1.225060224533081,-0.800000011920929,0.40390515327453613,0.0,17.014598537717642
532,20250501_180634_094044,output/rgb/20250501_180634_094044.jpg,output/depth/20250501_180634_094044.png,-1.8630852699279785,-5.056575775146484,9.540740966796875,0.007702495437115431,-0.007770122494548559,-1.2407512664794922,0.800000011920929,0.37494853138923645,0.0,17.03210527608096
533,20250501_180634_143044,output/rgb/20250501_180634_143044.jpg,output/depth/20250501_180634_143044.png,-2.5379953384399414,6.225955486297607,9.912579536437988,-0.01845870167016983,-0.33949148654937744,0.1842040717601776,0.800000011920929,0.38212940096855164,0.0,14.948613631735178
534,20250501_180634_185060,output/rgb/20250501_180634_185060.jpg,output/depth/20250501_180634_185060.png,-6.106344223022461,6.621006965637207,9.434277534484863,0.030739398673176765,-0.16069746017456055,0.8780041933059692,0.800000011920929,0.6776832938194275,0.0,13.664688634428357
535,20250501_180634_236054,output/rgb/20250501_180634_236054.jpg,output/depth/20250501_180634_236054.png,-0.09990668296813965,4.0246806144714355,9.53487777709961,-0.022382846102118492,0.04603252187371254,1.0584994554519653,0.800000011920929,0.699999988079071,0.0,14.912224095099981
536,20250501_180634_290042,output/rgb/20250501_180634_290042.jpg,output/depth/20250501_180634_290042.png,6.097266674041748,-3.8696835041046143,9.803607940673828,-0.1601237952709198,0.19504764676094055,0.7035671472549438,-0.800000011920929,0.4645114541053772,0.0,15.879916047414637
537,20250501_180634_343045,output/rgb/20250501_180634_343045.jpg,output/depth/20250501_180634_343045.png,-3.2490954399108887,-6.384664535522461,9.643670082092285,-0.12334291636943817,0.22254504263401031,-0.5908084511756897,-0.800000011920929,0.4645114541053772,0.0,14.544623018420317
538,20250501_180634_393042,output/rgb/20250501_180634_393042.jpg,output/depth/20250501_180634_393042.png,3.668672561645508,5.085180759429932,9.985785484313965,0.07137450575828552,-0.24392613768577576,-0.3710843026638031,-0.800000011920929,0.699999988079071,0.0,15.561706578171048
539,20250501_180634_445043,output/rgb/20250501_180634_445043.jpg,output/depth/20250501_180634_445043.png,-3.8131484985351562,-6.962214946746826,9.584050178527832,-0.015068639069795609,0.11246604472398758,-0.9466628432273865,-0.800000011920929,0.4981752932071686,0.0,15.188107306214349
540,20250501_180634_495042,output/rgb/20250501_180634_495042.jpg,output/depth/20250501_180634_495042.png,2.5384202003479004,-1.1250593662261963,9.534428596496582,-0.0393020398914814,-0.11410381644964218,-0.9805639386177063,-0.27133017778396606,0.42109817266464233,0.0,17.256394853743483
541,20250501_180634_596045,output/rgb/20250501_180634_596045.jpg,output/depth/20250501_180634_596045.png,-1.063699722290039,7.1992902755737305,9.908123970031738,-0.08023196458816528,-0.21558329463005066,0.03166789934039116,0.800000011920929,0.3337510824203491,0.0,15.762916538034245
542,20250501_180634_634043,output/rgb/20250501_180634_634043.jpg,output/depth/20250501_180634_634043.png,-5.676688194274902,6.588150978088379,9.538308143615723,-0.028175609186291695,-0.17966333031654358,0.7946115732192993,0.800000011920929,0.48276278376579285,0.0,13.91241103068515
543,20250501_180634_682042,output/rgb/20250501_180634_682042.jpg,output/depth/20250501_180634_682042.png,-1.111271619796753,3.8649938106536865,9.511890411376953,-0.000980954384431243,0.0440739206969738,1.044678807258606,0.800000011920929,0.699999988079071,0.0,14.929999419786341
544,20250501_180634_755044,output/rgb/20250501_180634_755044.jpg,output/depth/20250501_180634_755044.png,-0.10275721549987793,4.54397439956665,9.587787628173828,-0.011226977221667767,0.030074482783675194,1.1541136503219604,-0.800000011920929,0.5792756676673889,0.0,16.582326093320262
545,20250501_180634_805042,output/rgb/20250501_180634_805042.jpg,output/depth/20250501_180634_805042.png,-0.9431557655334473,-6.293109893798828,9.911540985107422,-0.15275970101356506,0.29075369238853455,-0.1928950995206833,-0.800000011920929,0.3578709363937378,0.0,15.57349368034581
546,20250501_180634_847042,output/rgb/20250501_180634_847042.jpg,output/depth/20250501_180634_847042.png,-5.9208292961120605,-6.981508255004883,9.447007179260254,-0.03223478049039841,0.15748688578605652,-0.9073804616928101,-0.47916510701179504,0.5727508664131165,0.0,15.290210717107819
547,20250501_180634_901044,output/rgb/20250501_180634_901044.jpg,output/depth/20250501_180634_901044.png,0.2867546081542969,-2.9965245723724365,9.709016799926758,0.010657263919711113,-0.08595970273017883,-0.7031473517417908,-0.800000011920929,0.6651816368103027,0.0,15.36704445586999
548,20250501_180634_954042,output/rgb/20250501_180634_954042.jpg,output/depth/20250501_180634_954042.png,-1.130594253540039,-4.910516738891602,9.409576416015625,0.008383228443562984,0.014667575247585773,-1.1276898384094238,-0.800000011920929,0.5407590866088867,0.0,15.827534921485611
549,20250501_180635_004042,output/rgb/20250501_180635_004042.jpg,output/depth/20250501_180635_004042.png,2.61043643951416,-1.2652368545532227,9.535515785217285,-0.059018734842538834,-0.11792299896478653,-1.0201611518859863,0.672001838684082,0.5505838394165039,0.0,16.76017434077676
550,20250501_180635_056045,output/rgb/20250501_180635_056045.jpg,output/depth/20250501_180635_056045.png,-2.6627416610717773,6.086548805236816,9.772908210754395,-0.11787527799606323,-0.2732943892478943,0.40803325176239014,0.800000011920929,0.4186893701553345,0.0,14.918305977376736
551,20250501_180635_096044,output/rgb/20250501_180635_096044.jpg,output/depth/20250501_180635_096044.png,-4.317049980163574,5.590268611907959,9.378702163696289,-0.015317432582378387,-0.08733373880386353,0.9714439511299133,0.7582297921180725,0.5951853394508362,0.0,14.551604233115112
552,20250501_180635_147043,output/rgb/20250501_180635_147043.jpg,output/depth/20250501_180635_147043.png,-1.3390262126922607,4.888564109802246,9.563565254211426,-0.0016931691206991673,0.053913652896881104,1.085581660270691,0.800000011920929,0.699999988079071,0.0,15.43467101606412
553,20250501_180635_198043,output/rgb/20250501_180635_198043.jpg,output/depth/20250501_180635_198043.png,-0.4530167579650879,4.720060348510742,9.549851417541504,-0.011261440813541412,0.03986186534166336,1.1787798404693604,-0.800000011920929,0.5109185576438904,0.0,16.69846410649074
554,20250501_180635_250041,output/rgb/20250501_180635_250041.jpg,output/depth/20250501_180635_250041.png,0.38709545135498047,-7.39495849609375,10.11927604675293,-0.1780717819929123,0.3270583748817444,0.07382460683584213,-0.800000011920929,0.3480876684188843,0.0,15.926551661379536
555,20250501_180635_303041,output/rgb/20250501_180635_303041.jpg,output/depth/20250501_180635_303041.png,-6.19363260269165,-6.876591682434082,9.467735290527344,-0.0370849147439003,0.157160684466362,-0.9003111720085144,0.800000011920929,0.5683223009109497,0.0,16.38673192758815
556,20250501_180635_949045,output/rgb/20250501_180635_949045.jpg,output/depth/20250501_180635_949045.png,-2.8832268714904785,6.421509742736816,9.637089729309082,-0.03985888138413429,-0.21136891841888428,0.5692005157470703,0.800000011920929,0.5834677219390869,0.0,15.605164765813143
557,20250501_180636_118043,output/rgb/20250501_180636_118043.jpg,output/depth/20250501_180636_118043.png,5.639542579650879,-3.83304500579834,9.789895057678223,-0.14518184959888458,0.21462294459342957,0.7228382229804993,-0.800000011920929,0.5364487767219543,0.0,16.331479153413216
558,20250501_180636_171043,output/rgb/20250501_180636_171043.jpg,output/depth/20250501_180636_171043.png,-3.302093267440796,-6.455700874328613,9.629194259643555,-0.11414796113967896,0.2245538830757141,-0.597126305103302,-0.800000011920929,0.4376435875892639,0.0,14.666110198502528
559,20250501_180636_225042,output/rgb/20250501_180636_225042.jpg,output/depth/20250501_180636_225042.png,-1.431274175643921,-4.484455585479736,9.366767883300781,0.003248994704335928,-0.011540556326508522,-1.070466160774231,-0.800000011920929,0.6606173515319824,0.0,15.058361418037165
560,20250501_180636_279043,output/rgb/20250501_180636_279043.jpg,output/depth/20250501_180636_279043.png,-0.17563343048095703,-4.594892978668213,9.53466796875,-0.0030224788933992386,-0.06644269824028015,-1.1521717309951782,-0.800000011920929,0.699999988079071,0.0,16.275473585845663
561,20250501_180636_333047,output/rgb/20250501_180636_333047.jpg,output/depth/20250501_180636_333047.png,-0.8255558013916016,-5.044615745544434,9.546598434448242,-0.002893720753490925,-0.03505723178386688,-1.225793480873108,0.800000011920929,0.43367162346839905,0.0,17.29004142896583
562,20250501_180636_386042,output/rgb/20250501_180636_386042.jpg,output/depth/20250501_180636_386042.png,-0.11021614074707031,7.383408546447754,10.072141647338867,-0.18944519758224487,-0.31935372948646545,-0.08441364765167236,0.800000011920929,0.3375312387943268,0.0,15.993604542550967
563,20250501_180636_440042,output/rgb/20250501_180636_440042.jpg,output/depth/20250501_180636_440042.png,-6.365735054016113,6.842938423156738,9.425117492675781,-0.043939009308815,-0.15343022346496582,0.897550642490387,0.800000011920929,0.5696675777435303,0.0,14.071691416875824
564,20250501_180636_493043,output/rgb/20250501_180636_493043.jpg,output/depth/20250501_180636_493043.png,-0.44789600372314453,4.124952793121338,9.513290405273438,0.002020748797804117,0.0692288875579834,1.074367880821228,0.800000011920929,0.699999988079071,0.0,15.073935453612176
565,20250501_180636_547043,output/rgb/20250501_180636_547043.jpg,output/depth/20250501_180636_547043.png,-0.13091301918029785,4.618963718414307,9.562604904174805,-0.008835788816213608,0.05199315771460533,1.1618552207946777,0.800000011920929,0.6654942631721497,0.0,16.30840989190168
566,20250501_180636_602042,output/rgb/20250501_180636_602042.jpg,output/depth/20250501_180636_602042.png,3.7631001472473145,-6.234644412994385,10.033378601074219,-0.142130047082901,0.30341556668281555,0.4139886200428009,-0.800000011920929,0.3900870382785797,0.0,16.526771079982773
567,20250501_180636_647043,output/rgb/20250501_180636_647043.jpg,output/depth/20250501_180636_647043.png,-4.0394206047058105,-6.504159450531006,9.622130393981934,-0.07277458906173706,0.23762893676757812,-0.5993901491165161,-0.800000011920929,0.3900870382785797,0.0,14.641284039389634
568,20250501_180636_702044,output/rgb/20250501_180636_702044.jpg,output/depth/20250501_180636_702044.png,-1.7039680480957031,-4.341553688049316,9.349649429321289,0.006970334332436323,-0.02136736735701561,-1.0591877698898315,-0.800000011920929,0.699999988079071,0.0,14.694477198845158
569,20250501_180636_754041,output/rgb/20250501_180636_754041.jpg,output/depth/20250501_180636_754041.png,-0.1919112205505371,-4.343270301818848,9.548444747924805,-0.00834291335195303,-0.06868736445903778,-1.1229113340377808,-0.800000011920929,0.6546477675437927,0.0,15.787129942736609
570,20250501_180636_806043,output/rgb/20250501_180636_806043.jpg,output/depth/20250501_180636_806043.png,-0.39247751235961914,-4.879631996154785,9.561110496520996,-0.00443258136510849,-0.02950146049261093,-1.2011653184890747,0.800000011920929,0.49981027841567993,0.0,17.24634653520488
571,20250501_180636_861041,output/rgb/20250501_180636_861041.jpg,output/depth/20250501_180636_861041.png,-1.5182909965515137,6.354757308959961,9.901988983154297,-0.18351805210113525,-0.2826642394065857,0.18752075731754303,0.800000011920929,0.47044557332992554,0.0,15.716505042536664
572,20250501_180636_904043,output/rgb/20250501_180636_904043.jpg,output/depth/20250501_180636_904043.png,-5.813629150390625,7.104142189025879,9.382669448852539,-0.056209810078144073,-0.15648722648620605,0.91532301902771,0.800000011920929,0.6595854163169861,0.0,14.567979371024022
573,20250501_180636_957042,output/rgb/20250501_180636_957042.jpg,output/depth/20250501_180636_957042.png,-0.42832422256469727,4.450926780700684,9.427173614501953,0.013214671052992344,0.058918628841638565,1.1113601922988892,0.800000011920929,0.699999988079071,0.0,15.65965648041183
574,20250501_180637_013041,output/rgb/20250501_180637_013041.jpg,output/depth/20250501_180637_013041.png,-0.22449111938476562,4.897876262664795,9.538646697998047,0.003238231875002384,0.04373948648571968,1.197742223739624,0.800000011920929,0.5150192975997925,0.0,16.71418625124833
575,20250501_180637_069043,output/rgb/20250501_180637_069043.jpg,output/depth/20250501_180637_069043.png,2.2781364917755127,1.5431573390960693,9.533729553222656,-0.052396081387996674,0.11428136378526688,1.0690606832504272,-0.800000011920929,0.4394187331199646,0.0,17.313476967186
576,20250501_180637_111043,output/rgb/20250501_180637_111043.jpg,output/depth/20250501_180637_111043.png,-2.0978143215179443,-6.331930160522461,9.896484375,-0.14982740581035614,0.3058589994907379,-0.18394231796264648,-0.800000011920929,0.4042854309082031,0.0,15.492758305901507
577,20250501_180637_156042,output/rgb/20250501_180637_156042.jpg,output/depth/20250501_180637_156042.png,-4.4770283699035645,-5.805078506469727,9.353068351745605,-0.030428530648350716,0.12183123826980591,-0.8500863909721375,-0.6627334356307983,0.5812286138534546,0.0,14.896527732072503
578,20250501_180637_211043,output/rgb/20250501_180637_211043.jpg,output/depth/20250501_180637_211043.png,-2.8999276161193848,-5.996678352355957,9.510137557983398,0.01416197419166565,-0.0018520818557590246,-1.0681698322296143,-0.800000011920929,0.699999988079071,0.0,15.487622658948549
579,20250501_180637_266042,output/rgb/20250501_180637_266042.jpg,output/depth/20250501_180637_266042.png,-0.22793149948120117,-4.839231014251709,9.53792953491211,0.0004269224009476602,-0.030523354187607765,-1.1850950717926025,0.6415725946426392,0.5351793169975281,0.0,16.994050908426775
580,20250501_180637_319043,output/rgb/20250501_180637_319043.jpg,output/depth/20250501_180637_319043.png,0.7432575225830078,7.382479667663574,10.05006217956543,-0.1362399458885193,-0.34441033005714417,-0.08536470681428909,0.800000011920929,0.38266193866729736,0.0,16.369209713455415
581,20250501_180637_364043,output/rgb/20250501_180637_364043.jpg,output/depth/20250501_180637_364043.png,-5.112374305725098,6.899421691894531,9.479515075683594,-0.03727460652589798,-0.2107018381357193,0.7655403017997742,0.5511142015457153,0.5669163465499878,0.0,15.550210448599131
582,20250501_180637_419044,output/rgb/20250501_180637_419044.jpg,output/depth/20250501_180637_419044.png,-0.048937320709228516,3.5950613021850586,9.626379013061523,0.009945575147867203,0.04255473241209984,0.8204048871994019,0.800000011920929,0.6585087180137634,0.0,15.690631282727178
583,20250501_180637_477042,output/rgb/20250501_180637_477042.jpg,output/depth/20250501_180637_477042.png,-0.8515496253967285,4.9885149002075195,9.416254997253418,0.011240620166063309,-0.004776452202349901,1.1665759086608887,-0.41057288646698,0.5844259262084961,0.0,16.895577616819327
584,20250501_180637_533041,output/rgb/20250501_180637_533041.jpg,output/depth/20250501_180637_533041.png,-0.9500102996826172,-6.301841735839844,9.913917541503906,-0.10812433809041977,0.3377212882041931,-0.18870483338832855,-0.800000011920929,0.5483441352844238,0.0,15.93776418407538
585,20250501_180637_588047,output/rgb/20250501_180637_588047.jpg,output/depth/20250501_180637_588047.png,-1.3777813911437988,-4.469958782196045,9.346692085266113,-0.001171701936982572,0.08415080606937408,-0.9008567333221436,-0.6332061290740967,0.4469444453716278,0.0,15.892608744851389
586,20250501_180637_645047,output/rgb/20250501_180637_645047.jpg,output/depth/20250501_180637_645047.png,1.256018042564392,-2.5713906288146973,9.809544563293457,-0.004676938988268375,-0.10954084992408752,-0.6463649272918701,-0.7857066988945007,0.5025288462638855,0.0,16.929845087037876
587,20250501_180637_708041,output/rgb/20250501_180637_708041.jpg,output/depth/20250501_180637_708041.png,-4.482000827789307,-6.876486301422119,9.459548950195312,0.054046642035245895,0.09500245749950409,-1.0994077920913696,0.4947023093700409,0.4286954998970032,0.0,16.856509281961156
588,20250501_180637_762043,output/rgb/20250501_180637_762043.jpg,output/depth/20250501_180637_762043.png,-1.8016362190246582,6.160224437713623,9.916759490966797,-0.12464103102684021,-0.3130173981189728,0.21180592477321625,0.5338633060455322,0.5328275561332703,0.0,15.38023983695985
589,20250501_180637_817044,output/rgb/20250501_180637_817044.jpg,output/depth/20250501_180637_817044.png,-4.641221046447754,6.412531852722168,9.368629455566406,-0.0063532134518027306,-0.1422773152589798,1.006093144416809,0.800000011920929,0.6953941583633423,0.0,14.88199002811081
590,20250501_180637_876042,output/rgb/20250501_180637_876042.jpg,output/depth/20250501_180637_876042.png,-0.03174781799316406,4.66994571685791,9.528178215026855,0.0018690971191972494,0.018845446407794952,1.149479866027832,0.800000011920929,0.699999988079071,0.0,16.318967678564572
591,20250501_180637_931043,output/rgb/20250501_180637_931043.jpg,output/depth/20250501_180637_931043.png,-0.4878807067871094,5.204016208648682,9.517127990722656,0.002086921827867627,-0.00027879211120307446,1.2384929656982422,-0.800000011920929,0.45427873730659485,0.0,17.61868754637617
592,20250501_180637_988043,output/rgb/20250501_180637_988043.jpg,output/depth/20250501_180637_988043.png,0.1768019199371338,-7.407032012939453,10.078726768493652,-0.20494310557842255,0.31220483779907227,0.10264904797077179,-0.800000011920929,0.3470494747161865,0.0,16.559271165749298
593,20250501_180638_042043,output/rgb/20250501_180638_042043.jpg,output/depth/20250501_180638_042043.png,-3.1536617279052734,-4.522640705108643,9.326722145080566,-0.033239614218473434,0.12148987501859665,-0.8077105283737183,-0.5741481781005859,0.5108858346939087,0.0,15.533613391405305
594,20250501_180638_099043,output/rgb/20250501_180638_099043.jpg,output/depth/20250501_180638_099043.png,-3.931117057800293,-6.803301811218262,9.556468963623047,0.015631459653377533,0.05601205676794052,-1.0225727558135986,-0.800000011920929,0.699999988079071,0.0,15.591783239291765
595,20250501_180638_159043,output/rgb/20250501_180638_159043.jpg,output/depth/20250501_180638_159043.png,-0.23305797576904297,-4.923415660858154,9.506563186645508,0.003006269223988056,0.005589276552200317,-1.1898599863052368,-0.21816062927246094,0.5519558191299438,0.0,17.305182163021804
596,20250501_180638_218042,output/rgb/20250501_180638_218042.jpg,output/depth/20250501_180638_218042.png,1.3637611865997314,2.931413173675537,9.832344055175781,-0.061101991683244705,-0.23374001681804657,-0.19952023029327393,0.800000011920929,0.4138442575931549,0.0,17.292261347314668
597,20250501_180638_276042,output/rgb/20250501_180638_276042.jpg,output/depth/20250501_180638_276042.png,-4.919276714324951,6.920888423919678,9.52458381652832,0.006983652710914612,-0.21231529116630554,0.7944063544273376,0.800000011920929,0.5357304811477661,0.0,15.311616719425098
598,20250501_180638_333048,output/rgb/20250501_180638_333048.jpg,output/depth/20250501_180638_333048.png,2.022334098815918,1.4006500244140625,9.434000015258789,-0.020800868049263954,0.08001672476530075,0.9693952798843384,0.5757179260253906,0.6891422867774963,0.0,16.232866806811494
599,20250501_180638_390042,output/rgb/20250501_180638_390042.jpg,output/depth/20250501_180638_390042.png,4.0395708084106445,-5.429689407348633,9.850221633911133,-0.1076330691576004,0.25028663873672485,0.41757234930992126,-0.03409986197948456,0.6126767992973328,0.0,17.258107441984603
600,20250501_180638_445042,output/rgb/20250501_180638_445042.jpg,output/depth/20250501_180638_445042.png,-0.7012503147125244,-3.515235662460327,9.691999435424805,-0.037079356610774994,0.14305958151817322,-0.37623757123947144,-0.800000011920929,0.43003344535827637,0.0,16.867356349310878
601,20250501_180638_503042,output/rgb/20250501_180638_503042.jpg,output/depth/20250501_180638_503042.png,-5.734010219573975,-7.128600120544434,9.392672538757324,0.018443437293171883,0.15057332813739777,-1.0445449352264404,-0.800000011920929,0.47394585609436035,0.0,15.597665051272953
602,20250501_180638_558048,output/rgb/20250501_180638_558048.jpg,output/depth/20250501_180638_558048.png,-0.8853659629821777,-4.659581661224365,9.479348182678223,-0.0016285076271742582,-0.0021508713252842426,-1.159932017326355,-0.800000011920929,0.699999988079071,0.0,16.30164755544197
603,20250501_180638_617042,output/rgb/20250501_180638_617042.jpg,output/depth/20250501_180638_617042.png,-0.5319628715515137,-5.119065761566162,9.50100326538086,-0.009706520475447178,0.02363770268857479,-1.2286107540130615,-0.800000011920929,0.5708441138267517,0.0,17.22180128985793
604,20250501_180638_675041,output/rgb/20250501_180638_675041.jpg,output/depth/20250501_180638_675041.png,3.4966793060302734,6.208803653717041,10.04389762878418,-0.23852767050266266,-0.22324298322200775,-0.45076611638069153,0.800000011920929,0.42954981327056885,0.0,17.08298363463125
605,20250501_180638_733042,output/rgb/20250501_180638_733042.jpg,output/depth/20250501_180638_733042.png,-5.112188339233398,7.0449113845825195,9.510032653808594,-0.12470655143260956,-0.2116801142692566,0.7723358869552612,0.800000011920929,0.699999988079071,0.0,14.932337017230964
606,20250501_180638_815043,output/rgb/20250501_180638_815043.jpg,output/depth/20250501_180638_815043.png,-0.2655906677246094,4.557977676391602,9.499124526977539,0.007183303590863943,0.018531568348407745,1.1381163597106934,0.800000011920929,0.699999988079071,0.0,16.093880081178387
607,20250501_180638_879047,output/rgb/20250501_180638_879047.jpg,output/depth/20250501_180638_879047.png,-0.18402719497680664,5.141642093658447,9.534777641296387,-0.003768370021134615,-0.0151531295850873,1.2274507284164429,0.800000011920929,0.5375641584396362,0.0,17.23763314774383
608,20250501_180638_944042,output/rgb/20250501_180638_944042.jpg,output/depth/20250501_180638_944042.png,3.580709457397461,-3.702770471572876,10.051925659179688,-0.09175359457731247,0.2183578610420227,0.567648708820343,-0.800000011920929,0.3510251045227051,0.0,18.085981924356904
609,20250501_180639_006044,output/rgb/20250501_180639_006044.jpg,output/depth/20250501_180639_006044.png,-3.2022290229797363,-5.984276294708252,9.734594345092773,-0.061104316264390945,0.235569030046463,-0.4248741567134857,-0.800000011920929,0.48651552200317383,0.0,16.012982085741125
610,20250501_180639_067043,output/rgb/20250501_180639_067043.jpg,output/depth/20250501_180639_067043.png,-3.6368331909179688,-5.521981716156006,9.27503490447998,0.0023840239737182856,0.09115830063819885,-1.0726670026779175,-0.270328164100647,0.699999988079071,0.0,15.531407683309224
611,20250501_180639_129041,output/rgb/20250501_180639_129041.jpg,output/depth/20250501_180639_129041.png,2.182558298110962,-1.2014803886413574,9.965245246887207,-0.042001061141490936,-0.16947199404239655,-0.4577549397945404,-0.06724054366350174,0.6261968016624451,0.0,16.96633858968861
612,20250501_180639_193043,output/rgb/20250501_180639_193043.jpg,output/depth/20250501_180639_193043.png,-0.4237666130065918,5.827392101287842,9.866406440734863,-0.037064313888549805,-0.2090037763118744,0.2345583140850067,0.800000011920929,0.5015122294425964,0.0,16.681815731365447
613,20250501_180639_244045,output/rgb/20250501_180639_244045.jpg,output/depth/20250501_180639_244045.png,-5.607316493988037,7.4812164306640625,9.469152450561523,0.017021067440509796,-0.200153186917305,0.9433568716049194,0.800000011920929,0.42461228370666504,0.0,15.450914528091852
614,20250501_180639_316043,output/rgb/20250501_180639_316043.jpg,output/depth/20250501_180639_316043.png,-0.9258594512939453,4.725148677825928,9.44526481628418,-0.012213917449116707,0.0017701394390314817,1.1535365581512451,0.800000011920929,0.6867283582687378,0.0,16.34108386873763
615,20250501_180639_374042,output/rgb/20250501_180639_374042.jpg,output/depth/20250501_180639_374042.png,3.0041871070861816,2.0675570964813232,9.035501480102539,-0.08275217562913895,0.06575598567724228,1.0673884153366089,-0.5894479751586914,0.5309913158416748,0.0,17.676386813486456
616,20250501_180639_431043,output/rgb/20250501_180639_431043.jpg,output/depth/20250501_180639_431043.png,-2.960833787918091,-6.299757957458496,9.793423652648926,-0.1907472312450409,0.254871666431427,-0.40565910935401917,-0.800000011920929,0.3857986629009247,0.0,15.659676560373299
617,20250501_180639_477042,output/rgb/20250501_180639_477042.jpg,output/depth/20250501_180639_477042.png,-5.403580188751221,-6.538224697113037,9.250541687011719,-0.04113925248384476,0.12506712973117828,-1.0182517766952515,-0.800000011920929,0.699999988079071,0.0,15.326452766777575
618,20250501_180639_545041,output/rgb/20250501_180639_545041.jpg,output/depth/20250501_180639_545041.png,-0.14701461791992188,-4.444330215454102,9.216231346130371,-0.00010641777771525085,-0.026434697210788727,-1.15316903591156,-0.800000011920929,0.6397026777267456,0.0,16.31626513777474
619,20250501_180639_606042,output/rgb/20250501_180639_606042.jpg,output/depth/20250501_180639_606042.png,-0.4635167121887207,-5.147866725921631,9.556825637817383,-0.0031820472795516253,0.00637398287653923,-1.2330126762390137,-0.800000011920929,0.5346187353134155,0.0,17.26481738235933
620,20250501_180639_664045,output/rgb/20250501_180639_664045.jpg,output/depth/20250501_180639_664045.png,5.073494911193848,3.468111038208008,10.18563175201416,-0.09779389202594757,-0.18180635571479797,-0.8072817921638489,0.5932927131652832,0.43517085909843445,0.0,17.484486452909447
621,20250501_180639_725042,output/rgb/20250501_180639_725042.jpg,output/depth/20250501_180639_725042.png,-4.5549516677856445,6.484012603759766,9.834033012390137,-0.11243337392807007,-0.26233288645744324,0.5997840166091919,0.800000011920929,0.5388204455375671,0.0,14.85287837872394
622,20250501_180639_786045,output/rgb/20250501_180639_786045.jpg,output/depth/20250501_180639_786045.png,-1.6443877220153809,4.56397819519043,9.362251281738281,-0.014849931932985783,-0.009587788954377174,1.0775997638702393,0.800000011920929,0.699999988079071,0.0,15.08477456692872
623,20250501_180639_848044,output/rgb/20250501_180639_848044.jpg,output/depth/20250501_180639_848044.png,-0.08757138252258301,4.657998085021973,9.516887664794922,-0.026892900466918945,0.034423522651195526,1.159562349319458,0.800000011920929,0.6981942653656006,0.0,16.364724221281953
624,20250501_180639_907043,output/rgb/20250501_180639_907043.jpg,output/depth/20250501_180639_907043.png,4.184807777404785,-6.215396881103516,10.105262756347656,-0.145047128200531,0.30329757928848267,0.4253719747066498,-0.12995678186416626,0.41670456528663635,0.0,17.176574091805385
625,20250501_180639_962043,output/rgb/20250501_180639_962043.jpg,output/depth/20250501_180639_962043.png,0.07165825366973877,-1.2175185680389404,9.760635375976562,-0.01684071682393551,0.04670710861682892,-0.2196759432554245,-0.800000011920929,0.46435096859931946,0.0,17.003605269491164
626,20250501_180640_010043,output/rgb/20250501_180640_010043.jpg,output/depth/20250501_180640_010043.png,-4.29006290435791,-6.873239040374756,9.544061660766602,-0.009900491684675217,0.14112840592861176,-0.7888308763504028,-0.800000011920929,0.4716251492500305,0.0,15.482899431067167
627,20250501_180640_068041,output/rgb/20250501_180640_068041.jpg,output/depth/20250501_180640_068041.png,-1.5056710243225098,-4.647506237030029,9.40105152130127,0.004097016993910074,-0.004046250134706497,-1.133771300315857,-0.800000011920929,0.699999988079071,0.0,15.849543277735847
628,20250501_180640_127041,output/rgb/20250501_180640_127041.jpg,output/depth/20250501_180640_127041.png,-0.3533964157104492,-4.945468902587891,9.517075538635254,-0.012432736344635487,-0.019731033593416214,-1.2019400596618652,-0.800000011920929,0.6637357473373413,0.0,16.941916508596805
629,20250501_180640_181043,output/rgb/20250501_180640_181043.jpg,output/depth/20250501_180640_181043.png,2.980663299560547,-0.2732691764831543,9.927474021911621,-0.10457495599985123,-0.12507061660289764,-0.7154825925827026,0.800000011920929,0.0,1.0,18.191924004873766
630,20250501_180640_237042,output/rgb/20250501_180640_237042.jpg,output/depth/20250501_180640_237042.png,-7.20081090927124,5.73773717880249,9.899046897888184,-0.12833015620708466,-0.23999017477035522,0.3319266438484192,0.800000011920929,0.0,1.0,12.488456993339575
631,20250501_180640_282042,output/rgb/20250501_180640_282042.jpg,output/depth/20250501_180640_282042.png,-10.279449462890625,3.381258964538574,9.47828483581543,0.021110007539391518,-0.0603196918964386,0.7223448753356934,0.800000011920929,0.0,1.0,7.388271290547544
632,20250501_180640_337043,output/rgb/20250501_180640_337043.jpg,output/depth/20250501_180640_337043.png,-8.818042755126953,-3.603579521179199,9.75987434387207,0.10131853818893433,0.20793376863002777,0.1834338903427124,0.800000011920929,0.0,1.0,0.16452179911223472
633,20250501_180640_394044,output/rgb/20250501_180640_394044.jpg,output/depth/20250501_180640_394044.png,0.025731205940246582,0.23392648994922638,9.763886451721191,-0.039524588733911514,0.01792949065566063,0.0005120227579027414,0.800000011920929,0.0,1.0,0.03938056917136067
634,20250501_180640_449043,output/rgb/20250501_180640_449043.jpg,output/depth/20250501_180640_449043.png,-0.040069580078125,0.034821558743715286,9.87535572052002,-0.030265478417277336,-0.017874160781502724,-0.0004568677395582199,0.5228402614593506,0.0,1.0,0.01966756474042776
635,20250501_180640_495043,output/rgb/20250501_180640_495043.jpg,output/depth/20250501_180640_495043.png,-0.01681455783545971,-0.0309856366366148,9.844630241394043,-0.013055925257503986,-0.01037566177546978,-0.00023383894586004317,0.800000011920929,0.0,1.0,0.00804247562013302
636,20250501_180640_539043,output/rgb/20250501_180640_539043.jpg,output/depth/20250501_180640_539043.png,-0.008311199955642223,-0.011390112340450287,9.823798179626465,-0.004752893466502428,-0.004335152916610241,-6.551989645231515e-05,0.800000011920929,0.0,1.0,0.0012703329852265287
637,20250501_180640_585044,output/rgb/20250501_180640_585044.jpg,output/depth/20250501_180640_585044.png,0.001505797728896141,-0.0020913141779601574,9.809481620788574,-0.0015409946208819747,-0.0015294848708435893,-1.874225927167572e-05,0.800000011920929,0.0,1.0,0.0013484245385629733
638,20250501_180640_628042,output/rgb/20250501_180640_628042.jpg,output/depth/20250501_180640_628042.png,-0.0029081630054861307,-0.0011566195171326399,9.81137752532959,-0.0009320693206973374,-0.0009895649272948503,-1.1293628631392494e-05,0.800000011920929,0.0,1.0,0.00022450074401649523
639,20250501_180640_674041,output/rgb/20250501_180640_674041.jpg,output/depth/20250501_180640_674041.png,1.0351359378546476e-06,5.706529577764741e-07,9.809648513793945,-0.0003616682952269912,-0.00040094813448376954,-2.9846123652532697e-06,0.800000011920929,0.0,1.0,0.0003128402433501836
640,20250501_180640_720043,output/rgb/20250501_180640_720043.jpg,output/depth/20250501_180640_720043.png,0.003931692335754633,-0.006508014164865017,9.810017585754395,-0.00023548096942249686,-0.0002763429656624794,-1.5002187865320593e-06,0.800000011920929,0.0,1.0,6.91319194079226e-05
641,20250501_180640_764043,output/rgb/20250501_180640_764043.jpg,output/depth/20250501_180640_764043.png,0.00034191133454442024,-0.0025544099044054747,9.810225486755371,-8.590282232034951e-05,-0.00010539749928284436,7.097551133483648e-07,0.800000011920929,0.0,1.0,8.159152069222471e-05
642,20250501_180640_807043,output/rgb/20250501_180640_807043.jpg,output/depth/20250501_180640_807043.png,-0.001504714717157185,0.002092108828946948,9.81018352508545,-6.001607107464224e-05,-7.767938222968951e-05,1.0054936865344644e-06,0.800000011920929,0.0,1.0,0.0
643,20250501_180640_852042,output/rgb/20250501_180640_852042.jpg,output/depth/20250501_180640_852042.png,0.00034177908673882484,-0.0025544711388647556,9.810272216796875,-2.0397899788804352e-05,-2.6901503588305786e-05,1.5988443919923156e-06,0.800000011920929,0.0,1.0,7.955848228987363e-05
644,20250501_180640_900042,output/rgb/20250501_180640_900042.jpg,output/depth/20250501_180640_900042.png,-0.0005815975018776953,-0.0002312451833859086,9.810273170471191,-1.451103889849037e-05,-2.1117908545420505e-05,1.6651320038363338e-06,0.800000011920929,0.0,1.0,8.495944705534412e-05
645,20250501_180640_951042,output/rgb/20250501_180640_951042.jpg,output/depth/20250501_180640_951042.png,0.0,0.0,9.8100004196167,-4.987959982827306e-06,-7.149468274292303e-06,1.811476977309212e-06,0.800000011920929,0.0,1.0,8.891783883981344e-05
646,20250501_180640_995043,output/rgb/20250501_180640_995043.jpg,output/depth/20250501_180640_995043.png,0.0,0.0,9.8100004196167,-2.4993205443024635e-06,-4.4896833060192876e-06,1.8444043234921992e-06,0.800000011920929,0.0,1.0,8.569363427670936e-05
647,20250501_180641_040042,output/rgb/20250501_180641_040042.jpg,output/depth/20250501_180641_040042.png,0.0,0.0,9.8100004196167,-1.224121660925448e-06,-1.3429539649223443e-06,1.860345946624875e-06,0.800000011920929,0.0,1.0,9.113746868433896e-05
648,20250501_180641_084041,output/rgb/20250501_180641_084041.jpg,output/depth/20250501_180641_084041.png,0.0,0.0,9.8100004196167,-2.1731830202043056e-07,-1.2156451703049242e-06,1.8808750610332936e-06,0.800000011920929,0.0,1.0,0.0
649,20250501_180641_127043,output/rgb/20250501_180641_127043.jpg,output/depth/20250501_180641_127043.png,0.0,0.0,9.8100004196167,-5.149049684405327e-07,-9.721261449158192e-07,1.87239857041277e-06,0.800000011920929,0.0,1.0,9.17683919923015e-05
650,20250501_180641_172044,output/rgb/20250501_180641_172044.jpg,output/depth/20250501_180641_172044.png,0.0,0.0,9.8100004196167,2.1309824660420418e-07,-1.0943176675937138e-07,1.8874270608648658e-06,0.800000011920929,0.0,1.0,9.22551088185626e-05
651,20250501_180641_215060,output/rgb/20250501_180641_215060.jpg,output/depth/20250501_180641_215060.png,0.0,0.0,9.8100004196167,-9.290233720093966e-07,-7.278972589119803e-07,1.8727660062722862e-06,0.800000011920929,0.0,1.0,9.202123651311628e-05
652,20250501_180641_260041,output/rgb/20250501_180641_260041.jpg,output/depth/20250501_180641_260041.png,0.0,0.0,9.8100004196167,4.669564077630639e-07,7.233848009491339e-08,1.892160071292892e-06,0.800000011920929,0.0,1.0,9.218916048570724e-05
653,20250501_180641_306043,output/rgb/20250501_180641_306043.jpg,output/depth/20250501_180641_306043.png,0.0,0.0,9.8100004196167,-1.0672229109331965e-06,-7.320472832361702e-07,1.869029802037403e-06,0.800000011920929,0.0,1.0,9.199882919600561e-05
654,20250501_180641_349042,output/rgb/20250501_180641_349042.jpg,output/depth/20250501_180641_349042.png,0.0,0.0,9.8100004196167,3.81478457711637e-07,9.21595528780017e-08,1.8914179236162454e-06,0.800000011920929,0.0,1.0,9.244912264944183e-05
655,20250501_180641_394041,output/rgb/20250501_180641_394041.jpg,output/depth/20250501_180641_394041.png,0.0,0.0,9.8100004196167,-1.54193548951298e-06,-2.3263964976649731e-07,1.8689825083129108e-06,0.800000011920929,0.0,1.0,9.208612337998406e-05
656,20250501_180641_440044,output/rgb/20250501_180641_440044.jpg,output/depth/20250501_180641_440044.png,0.0,0.0,9.8100004196167,4.503235686570406e-07,6.275154191826005e-07,1.8916689441539347e-06,0.800000011920929,0.0,1.0,9.253174335674543e-05
657,20250501_180641_485041,output/rgb/20250501_180641_485041.jpg,output/depth/20250501_180641_485041.png,0.0,0.0,9.8100004196167,-2.262007910758257e-06,-1.2721311577479355e-06,1.9038889149669558e-06,0.800000011920929,0.0,1.0,9.119287482445346e-05
658,20250501_180641_531042,output/rgb/20250501_180641_531042.jpg,output/depth/20250501_180641_531042.png,0.0,0.0,9.8100004196167,4.995381459593773e-07,2.620536179165356e-07,1.8932187231257558e-06,-0.7964057922363281,0.699999988079071,0.0,13.083434572960916
659,20250501_180642_215043,output/rgb/20250501_180642_215043.jpg,output/depth/20250501_180642_215043.png,-2.015523910522461,-5.286092758178711,9.500650405883789,0.013819603249430656,0.08786122500896454,-0.9390769600868225,-0.38051915168762207,0.6722008585929871,0.0,16.574104267223262
660,20250501_180642_325045,output/rgb/20250501_180642_325045.jpg,output/depth/20250501_180642_325045.png,1.5283288955688477,6.9569501876831055,10.001385688781738,-0.08292216062545776,-0.23566773533821106,-0.11712323874235153,0.22135600447654724,0.36139464378356934,0.0,16.69852747916291
661,20250501_180642_382044,output/rgb/20250501_180642_382044.jpg,output/depth/20250501_180642_382044.png,-3.1792001724243164,5.945085048675537,9.695402145385742,-0.011657357215881348,-0.14469724893569946,0.5835450887680054,0.49532583355903625,0.3171525001525879,0.0,15.588363424741761
662,20250501_180642_443043,output/rgb/20250501_180642_443043.jpg,output/depth/20250501_180642_443043.png,-5.300337314605713,6.471524238586426,9.45936107635498,0.023249147459864616,-0.0741778165102005,1.0064451694488525,0.800000011920929,0.643455445766449,0.0,14.57913477932239
663,20250501_180642_499042,output/rgb/20250501_180642_499042.jpg,output/depth/20250501_180642_499042.png,-0.3988313674926758,4.299755096435547,9.541860580444336,-0.011354295536875725,0.025499939918518066,1.115491509437561,0.3218497037887573,0.6796811819076538,0.0,16.040931730331163
664,20250501_180642_557042,output/rgb/20250501_180642_557042.jpg,output/depth/20250501_180642_557042.png,2.319791316986084,-2.204214096069336,9.87943172454834,-0.10048122704029083,0.18317049741744995,0.3322654068470001,-0.800000011920929,0.46198374032974243,0.0,16.57159276688475
665,20250501_180642_612044,output/rgb/20250501_180642_612044.jpg,output/depth/20250501_180642_612044.png,-4.667973518371582,-6.823190689086914,9.556622505187988,-0.04877127707004547,0.1997215896844864,-0.7529155611991882,-0.800000011920929,0.5102893114089966,0.0,14.760908872308551
666,20250501_180642_677044,output/rgb/20250501_180642_677044.jpg,output/depth/20250501_180642_677044.png,-1.1630754470825195,-4.410849094390869,9.431914329528809,0.0020894270855933428,-0.01787695288658142,-1.0986652374267578,-0.800000011920929,0.699999988079071,0.0,15.54638512860421
667,20250501_180642_737044,output/rgb/20250501_180642_737044.jpg,output/depth/20250501_180642_737044.png,-0.44290781021118164,-4.738149642944336,9.550705909729004,-0.00946890003979206,-0.030248690396547318,-1.1823023557662964,-0.800000011920929,0.5580978393554688,0.0,16.492264917911392
668,20250501_180642_794044,output/rgb/20250501_180642_794044.jpg,output/depth/20250501_180642_794044.png,-1.3884129524230957,-4.916154861450195,9.547911643981934,-0.0006066372152417898,-0.009040677919983864,-1.2209707498550415,0.800000011920929,0.405484139919281,0.0,16.975863136634842
669,20250501_180642_851042,output/rgb/20250501_180642_851042.jpg,output/depth/20250501_180642_851042.png,-0.379180908203125,7.364349842071533,10.053680419921875,-0.2518874704837799,-0.25606662034988403,-0.079132579267025,0.800000011920929,0.36298874020576477,0.0,15.505623118582541
670,20250501_180642_912041,output/rgb/20250501_180642_912041.jpg,output/depth/20250501_180642_912041.png,-6.035866737365723,6.657373905181885,9.434310913085938,-0.07779791951179504,-0.14770829677581787,0.8806845545768738,0.800000011920929,0.5797234177589417,0.0,13.817891694867278
671,20250501_180642_970045,output/rgb/20250501_180642_970045.jpg,output/depth/20250501_180642_970045.png,2.1273229122161865,1.7741005420684814,9.554933547973633,0.025060011073946953,0.09711738675832748,0.9671948552131653,0.6795872449874878,0.699999988079071,0.0,15.160197474222677
672,20250501_180643_033043,output/rgb/20250501_180643_033043.jpg,output/depth/20250501_180643_033043.png,2.6241679191589355,-6.815677642822266,10.025453567504883,0.0520160011947155,0.3379392623901367,0.20372386276721954,-0.45343753695487976,0.4730798304080963,0.0,15.989992256201807
673,20250501_180643_089042,output/rgb/20250501_180643_089042.jpg,output/depth/20250501_180643_089042.png,-2.5233402252197266,-5.6072540283203125,9.628829002380371,0.051530323922634125,0.15872371196746826,-0.5945203900337219,-0.800000011920929,0.4821346700191498,0.0,15.093504034980018
674,20250501_180643_146044,output/rgb/20250501_180643_146044.jpg,output/depth/20250501_180643_146044.png,-1.9290728569030762,-4.7621636390686035,9.35932445526123,0.021524835377931595,0.02007899433374405,-1.0754677057266235,-0.800000011920929,0.5762396454811096,0.0,15.122473883410251
675,20250501_180643_207042,output/rgb/20250501_180643_207042.jpg,output/depth/20250501_180643_207042.png,-0.33217763900756836,-4.553305625915527,9.536375999450684,-0.027547331526875496,-0.0244700089097023,-1.1507529020309448,-0.800000011920929,0.5630979537963867,0.0,16.076134604046914
676,20250501_180643_270041,output/rgb/20250501_180643_270041.jpg,output/depth/20250501_180643_270041.png,-0.9998114109039307,-4.804598808288574,9.5558500289917,-0.012631624937057495,-0.006343384739011526,-1.2015836238861084,0.19388365745544434,0.4430466890335083,0.0,16.8707441586215
677,20250501_180643_336041,output/rgb/20250501_180643_336041.jpg,output/depth/20250501_180643_336041.png,-0.006758689880371094,7.372888565063477,10.05830192565918,-0.3476007580757141,-0.10387690365314484,-0.07882101088762283,0.800000011920929,0.3831968307495117,0.0,15.689454724568058
678,20250501_180643_399042,output/rgb/20250501_180643_399042.jpg,output/depth/20250501_180643_399042.png,-5.731751441955566,6.8463006019592285,9.422375679016113,-0.14438332617282867,-0.0938086286187172,0.89366215467453,0.800000011920929,0.5464706420898438,0.0,14.16559365093554
679,20250501_180643_465043,output/rgb/20250501_180643_465043.jpg,output/depth/20250501_180643_465043.png,0.5292739868164062,3.8071632385253906,9.621341705322266,0.046418797224760056,0.04796905443072319,0.9744620323181152,0.47839438915252686,0.6612240672111511,0.0,15.909402671447008
680,20250501_180643_528043,output/rgb/20250501_180643_528043.jpg,output/depth/20250501_180643_528043.png,1.0747628211975098,3.3586089611053467,9.760129928588867,0.032595258206129074,0.05125296488404274,0.7589433193206787,-0.4586523175239563,0.4308890104293823,0.0,17.14029161517394
681,20250501_180643_590041,output/rgb/20250501_180643_590041.jpg,output/depth/20250501_180643_590041.png,-2.6416120529174805,-5.857889175415039,9.758005142211914,0.1674003154039383,0.20133797824382782,-0.43965286016464233,-0.800000011920929,0.3171038031578064,0.0,15.420677964999776
682,20250501_180643_641042,output/rgb/20250501_180643_641042.jpg,output/depth/20250501_180643_641042.png,-5.710227966308594,-6.464718818664551,9.351502418518066,0.10343578457832336,0.06686604022979736,-1.001660943031311,-0.800000011920929,0.4806329607963562,0.0,14.527145157688958
683,20250501_180643_705042,output/rgb/20250501_180643_705042.jpg,output/depth/20250501_180643_705042.png,-0.48206162452697754,-4.216543674468994,9.523612976074219,-0.04293651878833771,-0.01748879812657833,-1.100103735923767,-0.800000011920929,0.6793920397758484,0.0,15.425887310745145
684,20250501_180643_769042,output/rgb/20250501_180643_769042.jpg,output/depth/20250501_180643_769042.png,-0.4014078378677368,-4.671608924865723,9.566218376159668,-0.022906498983502388,0.001058222260326147,-1.174960732460022,-0.800000011920929,0.491875559091568,0.0,16.40213650780913
685,20250501_180643_829041,output/rgb/20250501_180643_829041.jpg,output/depth/20250501_180643_829041.png,2.316840887069702,-1.3952102661132812,9.538989067077637,-0.10629799962043762,0.029108921065926552,-1.0506211519241333,0.003903985023498535,0.45424938201904297,0.0,17.048685553602596
686,20250501_180643_889042,output/rgb/20250501_180643_889042.jpg,output/depth/20250501_180643_889042.png,-1.6762142181396484,5.037179470062256,9.805757522583008,-0.2483556717634201,0.03652020916342735,0.24287870526313782,0.800000011920929,0.4397585690021515,0.0,15.59349953769161
687,20250501_180643_949042,output/rgb/20250501_180643_949042.jpg,output/depth/20250501_180643_949042.png,-5.6581645011901855,6.494451522827148,9.568521499633789,-0.10792987048625946,-0.0117793008685112,0.9912127256393433,0.800000011920929,0.6431640982627869,0.0,14.370466585698054
688,20250501_180644_009043,output/rgb/20250501_180644_009043.jpg,output/depth/20250501_180644_009043.png,0.4662591218948364,3.928851366043091,9.555144309997559,0.06242119520902634,0.04110241308808327,0.9982666969299316,0.12703925371170044,0.6345637440681458,0.0,16.044694919430945
689,20250501_180644_073042,output/rgb/20250501_180644_073042.jpg,output/depth/20250501_180644_073042.png,2.0321521759033203,-0.42727965116500854,9.861838340759277,0.1610703319311142,0.09782709181308746,0.2516990900039673,-0.6667797565460205,0.42993026971817017,0.0,16.702964204221992
690,20250501_180644_138044,output/rgb/20250501_180644_138044.jpg,output/depth/20250501_180644_138044.png,-5.40837287902832,-4.359660625457764,10.43915843963623,0.03426509350538254,-0.005914853885769844,-0.6333656311035156,-0.800000011920929,0.386131227016449,0.0,13.890643120723823
691,20250501_180644_196043,output/rgb/20250501_180644_196043.jpg,output/depth/20250501_180644_196043.png,-0.8340744972229004,-4.002333641052246,9.179224014282227,0.008322496898472309,-0.020616725087165833,-1.0255331993103027,-0.800000011920929,0.699999988079071,0.0,14.370482152519205
692,20250501_180644_256046,output/rgb/20250501_180644_256046.jpg,output/depth/20250501_180644_256046.png,0.08446389436721802,-4.31193733215332,9.586462020874023,0.01290828362107277,0.0005586090264841914,-1.1208690404891968,-0.800000011920929,0.6764873266220093,0.0,15.731614796603193
693,20250501_180644_315043,output/rgb/20250501_180644_315043.jpg,output/depth/20250501_180644_315043.png,4.107927322387695,6.2506327629089355,10.00505542755127,-0.27448466420173645,0.13044846057891846,-0.3991352319717407,-0.2519550323486328,0.4074144959449768,0.0,16.72432244773935
694,20250501_180644_374045,output/rgb/20250501_180644_374045.jpg,output/depth/20250501_180644_374045.png,-0.6427292823791504,-2.757267475128174,9.847959518432617,0.08579245954751968,-0.04382672160863876,-0.38550880551338196,0.800000011920929,0.42678117752075195,0.0,16.365574115302437
695,20250501_180644_433043,output/rgb/20250501_180644_433043.jpg,output/depth/20250501_180644_433043.png,-4.0781660079956055,6.431558609008789,9.61946964263916,-0.18853826820850372,0.0523468479514122,0.6714111566543579,0.800000011920929,0.0,1.0,13.138170562215985
696,20250501_180644_494045,output/rgb/20250501_180644_494045.jpg,output/depth/20250501_180644_494045.png,-5.91083288192749,1.8071839809417725,9.635783195495605,0.06595709174871445,-0.040078554302453995,0.8736608624458313,0.800000011920929,0.0,1.0,7.6695182607303645
697,20250501_180644_553043,output/rgb/20250501_180644_553043.jpg,output/depth/20250501_180644_553043.png,-6.344657897949219,-1.7263261079788208,9.674969673156738,0.18103280663490295,-0.010561775416135788,0.4080455005168915,0.800000011920929,0.0,1.0,1.9506087750499577
698,20250501_180644_614042,output/rgb/20250501_180644_614042.jpg,output/depth/20250501_180644_614042.png,0.13112276792526245,0.5189811587333679,9.578775405883789,0.029287239536643028,0.035157714039087296,0.00026709481608122587,-0.800000011920929,0.0,1.0,0.06137863679817815
699,20250501_180644_671045,output/rgb/20250501_180644_671045.jpg,output/depth/20250501_180644_671045.png,-0.03786114230751991,0.058700889348983765,9.872015953063965,-0.0456639863550663,0.025607334449887276,0.00037262163823470473,-0.16976162791252136,0.0,1.0,0.03401381295494496
700,20250501_180644_728041,output/rgb/20250501_180644_728041.jpg,output/depth/20250501_180644_728041.png,-0.015785902738571167,-0.02007121592760086,9.843864440917969,-0.020918793976306915,0.00869821384549141,3.500640013953671e-05,-0.16976162791252136,0.0,1.0,0.010061445690717517
701,20250501_180644_791046,output/rgb/20250501_180644_791046.jpg,output/depth/20250501_180644_791046.png,-0.030384045094251633,-0.07391587644815445,9.859917640686035,0.0,0.0,0.0,0.09045807272195816,0.0,1.0,4.1318784596745734e-07
702,20250501_180645_474046,output/rgb/20250501_180645_474046.jpg,output/depth/20250501_180645_474046.png,0.0,0.0,9.8100004196167,-6.52812786938739e-07,1.0043807208148792e-07,1.209321309758593e-09,0.09046164900064468,0.0,1.0,1.1126509306383078e-06
703,20250501_180645_567043,output/rgb/20250501_180645_567043.jpg,output/depth/20250501_180645_567043.png,0.0,0.0,9.8100004196167,-3.080780004438566e-07,-4.015072363472427e-08,7.736029594695992e-10,0.09046164900064468,0.0,1.0,1.4887917465916743e-07
704,20250501_180645_615042,output/rgb/20250501_180645_615042.jpg,output/depth/20250501_180645_615042.png,0.0,0.0,9.8100004196167,-1.70310357816561e-07,6.912179628670856e-08,2.9226190911835204e-10,0.09046164900064468,0.0,1.0,5.924241810952397e-07
705,20250501_180645_662043,output/rgb/20250501_180645_662043.jpg,output/depth/20250501_180645_662043.png,0.0,0.0,9.8100004196167,1.6824562010242516e-07,-9.993113003758936e-09,-4.5697631789742843e-10,0.09046164900064468,0.0,1.0,7.148398826400047e-08
706,20250501_180645_709042,output/rgb/20250501_180645_709042.jpg,output/depth/20250501_180645_709042.png,0.0,0.0,9.8100004196167,-5.977285155722711e-08,2.542314625486597e-08,9.856136046204611e-11,0.09046164900064468,0.0,1.0,3.489937509838071e-07
707,20250501_180645_768041,output/rgb/20250501_180645_768041.jpg,output/depth/20250501_180645_768041.png,0.0,0.0,9.8100004196167,-4.5134051163131517e-08,2.19330704709364e-08,1.7787719908124444e-10,0.09046164900064468,0.0,1.0,2.752866429795857e-07
708,20250501_180645_816043,output/rgb/20250501_180645_816043.jpg,output/depth/20250501_180645_816043.png,0.0,0.0,9.8100004196167,3.3550421107975126e-08,-5.381805556758934e-10,-7.939597590489456e-11,0.09046164900064468,0.0,1.0,6.184418832861936e-07
709,20250501_180645_862044,output/rgb/20250501_180645_862044.jpg,output/depth/20250501_180645_862044.png,0.0,0.0,9.8100004196167,3.576894158641153e-08,-2.9123103928441196e-08,-3.69041602832354e-11,0.09046164900064468,0.0,1.0,1.381305381858208e-07
710,20250501_180645_912043,output/rgb/20250501_180645_912043.jpg,output/depth/20250501_180645_912043.png,0.0,0.0,9.8100004196167,-7.17171744213374e-09,7.62150342836776e-10,1.206035965539698e-11,0.09046164900064468,0.0,1.0,4.11963680715414e-07
711,20250501_180645_961042,output/rgb/20250501_180645_961042.jpg,output/depth/20250501_180645_961042.png,0.0,0.0,9.8100004196167,2.113470642939319e-08,-6.310704847578563e-09,-4.218516161391683e-11,0.09046164900064468,0.0,1.0,6.908082374684479e-08
712,20250501_180646_010043,output/rgb/20250501_180646_010043.jpg,output/depth/20250501_180646_010043.png,0.0,0.0,9.8100004196167,6.894683490799025e-09,4.649785001475948e-09,-1.8129464943172913e-11,0.09046164900064468,0.0,1.0,4.119362185996445e-07
713,20250501_180646_057041,output/rgb/20250501_180646_057041.jpg,output/depth/20250501_180646_057041.png,0.0,0.0,9.8100004196167,-1.0632431823864863e-08,3.148467708768976e-09,2.1873941893901794e-11,0.09046164900064468,0.0,1.0,1.373481386784919e-07
714,20250501_180646_103042,output/rgb/20250501_180646_103042.jpg,output/depth/20250501_180646_103042.png,0.0,0.0,9.8100004196167,1.1646653641506077e-09,2.0107411291547805e-09,-8.800178467882613e-13,0.09046164900064468,0.0,1.0,4.1195812367412304e-07
715,20250501_180646_152043,output/rgb/20250501_180646_152043.jpg,output/depth/20250501_180646_152043.png,0.0,0.0,9.8100004196167,6.059749146913873e-09,-2.7899096366468257e-09,-1.2376744594477795e-11,0.09046164900064468,0.0,1.0,6.881569246852872e-08
716,20250501_180646_201044,output/rgb/20250501_180646_201044.jpg,output/depth/20250501_180646_201044.png,0.0,0.0,9.8100004196167,-3.582550478498092e-09,3.8082470510403255e-10,4.399603945048902e-12,0.09046164900064468,0.0,1.0,4.119895915148788e-07
717,20250501_180646_248044,output/rgb/20250501_180646_248044.jpg,output/depth/20250501_180646_248044.png,0.0,0.0,9.8100004196167,-2.3474688859437265e-09,3.3803218002503854e-09,-2.861721493455094e-12,0.09046164900064468,0.0,1.0,0.0
718,20250501_180646_297043,output/rgb/20250501_180646_297043.jpg,output/depth/20250501_180646_297043.png,0.0,0.0,9.8100004196167,5.47660450322951e-09,1.5131473851681676e-10,-1.602795153543557e-11,0.09046164900064468,0.0,1.0,3.4332696073520345e-07
719,20250501_180646_346042,output/rgb/20250501_180646_346042.jpg,output/depth/20250501_180646_346042.png,0.0,0.0,9.8100004196167,-9.478601237233875e-10,7.86615128589574e-09,-1.212252694060556e-11,0.09046164900064468,0.0,1.0,6.179258357835109e-07
720,20250501_180646_392042,output/rgb/20250501_180646_392042.jpg,output/depth/20250501_180646_392042.png,0.0,0.0,9.8100004196167,9.345423102047334e-09,-5.158980354025289e-09,-1.1714119257932865e-11,0.09046164900064468,0.0,1.0,2.746256261534451e-07
721,20250501_180646_440041,output/rgb/20250501_180646_440041.jpg,output/depth/20250501_180646_440041.png,0.0,0.0,9.8100004196167,1.6317445172830958e-09,-9.338354090004941e-09,1.1735250791955476e-11,0.09046164900064468,0.0,1.0,6.865515226778959e-07
722,20250501_180646_488041,output/rgb/20250501_180646_488041.jpg,output/depth/20250501_180646_488041.png,0.0,0.0,9.8100004196167,4.635785089135425e-09,-6.778900552006917e-09,1.0075627398381526e-12,0.09046164900064468,0.0,1.0,3.434684393796165e-07
723,20250501_180646_536042,output/rgb/20250501_180646_536042.jpg,output/depth/20250501_180646_536042.png,0.0,0.0,9.8100004196167,-7.714804795000418e-09,-4.186740731881855e-09,2.072569199595975e-11,0.09046164900064468,0.0,1.0,6.866031934843198e-07
724,20250501_180646_584042,output/rgb/20250501_180646_584042.jpg,output/depth/20250501_180646_584042.png,0.0,0.0,9.8100004196167,-2.3747650512717655e-09,1.2275059191324544e-08,-1.0742646355810237e-11,0.09046164900064468,0.0,1.0,2.0623330227225598e-07
725,20250501_180646_632042,output/rgb/20250501_180646_632042.jpg,output/depth/20250501_180646_632042.png,0.0,0.0,9.8100004196167,1.0019386209592085e-08,-8.139304341625575e-09,-1.4026324372806709e-11,0.09046164900064468,0.0,1.0,4.810296474979177e-07
726,20250501_180646_679043,output/rgb/20250501_180646_679043.jpg,output/depth/20250501_180646_679043.png,0.0,0.0,9.8100004196167,1.0259559424241615e-08,3.260336223220861e-09,-2.6402930189406426e-11,0.09046164900064468,0.0,1.0,3.4334656535770487e-07
727,20250501_180646_727042,output/rgb/20250501_180646_727042.jpg,output/depth/20250501_180646_727042.png,0.0,0.0,9.8100004196167,5.301487693287754e-09,-9.747915363789161e-09,-7.926515346867724e-13,0.09046164900064468,0.0,1.0,6.866018902805322e-07
728,20250501_180646_775045,output/rgb/20250501_180646_775045.jpg,output/depth/20250501_180646_775045.png,0.0,0.0,9.8100004196167,5.549335213572704e-09,1.6421146664669095e-09,-1.3436624209106629e-11,0.09046164900064468,0.0,1.0,2.0599354762302453e-07
729,20250501_180646_822041,output/rgb/20250501_180646_822041.jpg,output/depth/20250501_180646_822041.png,0.0,0.0,9.8100004196167,-8.18392464907447e-09,-7.651160593979967e-09,3.171972406956769e-11,0.09046164900064468,0.0,1.0,5.493168970828008e-07
730,20250501_180646_870042,output/rgb/20250501_180646_870042.jpg,output/depth/20250501_180646_870042.png,0.0,0.0,9.8100004196167,0.0,0.0,0.0,0.09046164900064468,0.0,1.0,1.380210743965034e-07
731,20250501_180646_922043,output/rgb/20250501_180646_922043.jpg,output/depth/20250501_180646_922043.png,0.0,0.0,9.8100004196167,2.1696697771744766e-09,4.02797217802231e-09,-8.95425400493366e-12,0.09046164900064468,0.0,1.0,4.806096851316959e-07
732,20250501_180646_969042,output/rgb/20250501_180646_969042.jpg,output/depth/20250501_180646_969042.png,0.0,0.0,9.8100004196167,-1.146506978244588e-08,-5.275319292508129e-09,3.0959200481017746e-11,0.09046164900064468,0.0,1.0,1.375750106231206e-07
733,20250501_180647_018043,output/rgb/20250501_180647_018043.jpg,output/depth/20250501_180647_018043.png,0.0,0.0,9.8100004196167,2.525559317234638e-09,6.495232351966251e-09,-1.819627781785016e-11,0.09046164900064468,0.0,1.0,4.1200931581138985e-07
734,20250501_180647_068042,output/rgb/20250501_180647_068042.jpg,output/depth/20250501_180647_068042.png,0.0,0.0,9.8100004196167,-1.2298234652874385e-09,5.393395952069113e-09,-7.933656336056583e-12,0.09046164900064468,0.0,1.0,1.3748004248964638e-07
735,20250501_180647_115043,output/rgb/20250501_180647_115043.jpg,output/depth/20250501_180647_115043.png,0.0,0.0,9.8100004196167,-2.1861936705391827e-09,4.872495740215754e-09,-5.468990711687827e-12,0.09046164900064468,0.0,1.0,4.806817753097033e-07
736,20250501_180647_162043,output/rgb/20250501_180647_162043.jpg,output/depth/20250501_180647_162043.png,0.0,0.0,9.8100004196167,-1.567057594797916e-11,8.890888913981598e-09,-1.1073248221138421e-11,0.09046164900064468,0.0,1.0,6.901261584425591e-08
737,20250501_180647_210044,output/rgb/20250501_180647_210044.jpg,output/depth/20250501_180647_210044.png,0.0,0.0,9.8100004196167,3.2074007894067336e-09,1.24402843582061e-08,-2.1195926958039735e-11,0.09046164900064468,0.0,1.0,6.866497451610003e-07
738,20250501_180647_301042,output/rgb/20250501_180647_301042.jpg,output/depth/20250501_180647_301042.png,0.0,0.0,9.8100004196167,-3.84066511927017e-09,-2.0967729774667987e-09,8.86699567936855e-12,0.09046164900064468,0.0,1.0,5.492932814050286e-07
739,20250501_180647_361044,output/rgb/20250501_180647_361044.jpg,output/depth/20250501_180647_361044.png,0.0,0.0,9.8100004196167,-2.51429810305126e-09,-6.504141669694263e-09,1.227149111493464e-11,0.09046164900064468,0.0,1.0,1.3748004250597257e-07
740,20250501_180647_409042,output/rgb/20250501_180647_409042.jpg,output/depth/20250501_180647_409042.png,0.0,0.0,9.8100004196167,-2.1861936705391827e-09,4.872495740215754e-09,-5.468976833900019e-12,0.09046164900064468,0.0,1.0,4.806817753085964e-07
741,20250501_180647_456044,output/rgb/20250501_180647_456044.jpg,output/depth/20250501_180647_456044.png,0.0,0.0,9.8100004196167,-1.6262213797801905e-11,8.890812530637504e-09,-1.1074422628931657e-11,0.09046164900064468,0.0,1.0,6.901261584298551e-08
742,20250501_180647_506042,output/rgb/20250501_180647_506042.jpg,output/depth/20250501_180647_506042.png,0.0,0.0,9.8100004196167,-1.8924659617169937e-09,8.344944291138745e-09,-5.952737001241326e-12,0.09046164900064468,0.0,1.0,4.120572084362521e-07
743,20250501_180647_577043,output/rgb/20250501_180647_577043.jpg,output/depth/20250501_180647_577043.png,0.0,0.0,9.8100004196167,-6.347241621185162e-10,-5.9450213640843685e-09,7.152894596074155e-12,0.09046164900064468,0.0,1.0,2.746178914300239e-07
744,20250501_180647_628045,output/rgb/20250501_180647_628045.jpg,output/depth/20250501_180647_628045.png,0.0,0.0,9.8100004196167,-8.085062397356069e-09,7.494989073819625e-10,1.4174623280682752e-11,0.09046164900064468,0.0,1.0,6.179051666765326e-07
745,20250501_180647_690052,output/rgb/20250501_180647_690052.jpg,output/depth/20250501_180647_690052.png,0.0,0.0,9.8100004196167,6.020385967531183e-09,5.110023071352998e-09,-2.39693490750037e-11,0.09046164900064468,0.0,1.0,2.747104508653143e-07
746,20250501_180647_737041,output/rgb/20250501_180647_737041.jpg,output/depth/20250501_180647_737041.png,0.0,0.0,9.8100004196167,2.266411280871239e-09,4.009179210839875e-09,-1.370710749765136e-11,0.09046164900064468,0.0,1.0,6.865412871569942e-07
747,20250501_180647_788043,output/rgb/20250501_180647_788043.jpg,output/depth/20250501_180647_788043.png,0.0,0.0,9.8100004196167,-2.2610926464494696e-09,1.2278583483293914e-08,-8.41237149384888e-12,0.09046164900064468,0.0,1.0,2.746535152065745e-07
748,20250501_180647_833043,output/rgb/20250501_180647_833043.jpg,output/depth/20250501_180647_833043.png,0.0,0.0,9.8100004196167,9.935086531243087e-09,-8.107502225129792e-09,-8.579239749173517e-12,0.09046164900064468,0.0,1.0,5.492873201188249e-07
749,20250501_180647_894042,output/rgb/20250501_180647_894042.jpg,output/depth/20250501_180647_894042.png,0.0,0.0,9.8100004196167,-1.2871074872577992e-08,-1.8538746093810232e-09,3.6531937197548103e-11,0.09046164900064468,0.0,1.0,4.119565755535236e-07
750,20250501_180647_941042,output/rgb/20250501_180647_941042.jpg,output/depth/20250501_180647_941042.png,0.0,0.0,9.8100004196167,7.08320402331708e-10,-1.0353558010933739e-08,1.0650948872870103e-11,0.09046164900064468,0.0,1.0,8.238548287674302e-07
751,20250501_180647_987041,output/rgb/20250501_180647_987041.jpg,output/depth/20250501_180647_987041.png,0.0,0.0,9.8100004196167,6.020385967531183e-09,5.110023071352998e-09,-2.3969356013897603e-11,0.09046164900064468,0.0,1.0,2.747104817623885e-07
752,20250501_180648_034044,output/rgb/20250501_180648_034044.jpg,output/depth/20250501_180648_034044.png,0.0,0.0,9.8100004196167,2.2534367705162595e-09,4.008296805579903e-09,-1.3842827925603096e-11,0.09046164900064468,0.0,1.0,6.865412888569773e-07
753,20250501_180648_081055,output/rgb/20250501_180648_081055.jpg,output/depth/20250501_180648_081055.png,0.0,0.0,9.8100004196167,-2.2610924244048647e-09,1.2278583483293914e-08,-8.412381902189736e-12,0.09046164900064468,0.0,1.0,2.746535152107311e-07
754,20250501_180648_129042,output/rgb/20250501_180648_129042.jpg,output/depth/20250501_180648_129042.png,0.0,0.0,9.8100004196167,9.935086531243087e-09,-8.107502225129792e-09,-8.579303933942128e-12,0.09046164900064468,0.0,1.0,5.493054028879526e-07
755,20250501_180648_179044,output/rgb/20250501_180648_179044.jpg,output/depth/20250501_180648_179044.png,0.0,0.0,9.8100004196167,-6.347241621185162e-10,-5.9450213640843685e-09,7.152894596074155e-12,0.09046164900064468,0.0,1.0,2.746261607889026e-07
756,20250501_180648_230042,output/rgb/20250501_180648_230042.jpg,output/depth/20250501_180648_230042.png,0.0,0.0,9.8100004196167,1.6164589666800566e-09,-1.9320165467462402e-09,-4.057417596348145e-12,0.09046164900064468,0.0,1.0,6.178803530417182e-07
757,20250501_180648_280042,output/rgb/20250501_180648_280042.jpg,output/depth/20250501_180648_280042.png,0.0,0.0,9.8100004196167,-3.6651232049322857e-10,-3.4677394289417407e-09,3.0696671333291237e-12,0.09046164900064468,0.0,1.0,2.06022144319702e-07
758,20250501_180648_326043,output/rgb/20250501_180648_326043.jpg,output/depth/20250501_180648_326043.png,0.0,0.0,9.8100004196167,-3.100397938382571e-09,-3.5524572172818125e-09,9.1905233423617e-12,0.09046164900064468,0.0,1.0,5.492325142827884e-07
759,20250501_180648_371041,output/rgb/20250501_180648_371041.jpg,output/depth/20250501_180648_371041.png,0.0,0.0,9.8100004196167,0.0,0.0,0.0,0.09046164900064468,0.0,1.0,1.373444292562554e-07
760,20250501_180648_418042,output/rgb/20250501_180648_418042.jpg,output/depth/20250501_180648_418042.png,0.0,0.0,9.8100004196167,2.264021192743826e-09,4.016622145996962e-09,-1.4387590077657997e-11,0.09046164900064468,0.0,1.0,5.49328803850129e-07
761,20250501_180648_465043,output/rgb/20250501_180648_465043.jpg,output/depth/20250501_180648_465043.png,0.0,0.0,9.8100004196167,4.418454935262162e-09,8.031489251436597e-09,-2.011518729361228e-11,0.09046164900064468,0.699999988079071,0.0,0.0690059584201963
762,20250501_180648_513043,output/rgb/20250501_180648_513043.jpg,output/depth/20250501_180648_513043.png,0.12357458472251892,-0.037782274186611176,9.803953170776367,0.0014205470215529203,0.000636362936347723,-0.001044168253429234,0.09047169983386993,0.699999988079071,0.0,0.10955554056185798
763,20250501_180648_560042,output/rgb/20250501_180648_560042.jpg,output/depth/20250501_180648_560042.png,2.285207986831665,0.09183531999588013,9.697806358337402,-0.0042042918503284454,0.016327371820807457,-0.006026901304721832,0.09048175066709518,0.699999988079071,0.0,1.60991447949254
764,20250501_180648_609042,output/rgb/20250501_180648_609042.jpg,output/depth/20250501_180648_609042.png,4.325013160705566,0.2668238878250122,9.691872596740723,-0.006182841025292873,0.017930414527654648,0.026924502104520798,0.09031721204519272,0.699999988079071,0.0,3.9639114863260803
765,20250501_180648_657044,output/rgb/20250501_180648_657044.jpg,output/depth/20250501_180648_657044.png,3.5367212295532227,0.23520123958587646,9.789024353027344,-0.005034028552472591,0.00940344762057066,0.04812658950686455,0.09045802801847458,0.699999988079071,0.0,6.388714834657486
766,20250501_180648_703042,output/rgb/20250501_180648_703042.jpg,output/depth/20250501_180648_703042.png,3.5199244022369385,0.27839356660842896,9.79175853729248,-0.004164135083556175,0.00494014797732234,0.072749063372612,0.06667719036340714,0.699999988079071,0.0,8.72575511734747
767,20250501_180648_751042,output/rgb/20250501_180648_751042.jpg,output/depth/20250501_180648_751042.png,2.5581483840942383,-0.02381718158721924,9.803170204162598,0.004494295921176672,-0.003058343892917037,0.05812907591462135,0.05586306005716324,0.699999988079071,0.0,10.532828132386253
768,20250501_180648_812042,output/rgb/20250501_180648_812042.jpg,output/depth/20250501_180648_812042.png,2.293018341064453,0.02990490198135376,9.784619331359863,0.00861971266567707,-0.003204148728400469,0.007583396043628454,-0.004952657967805862,0.699999988079071,0.0,12.578377754373722
769,20250501_180648_863043,output/rgb/20250501_180648_863043.jpg,output/depth/20250501_180648_863043.png,2.192105531692505,-0.03459271788597107,9.786487579345703,-0.0007181806722655892,-0.002572600729763508,-0.0066721499897539616,0.003687644377350807,0.699999988079071,0.0,14.137603866804637
770,20250501_180648_912045,output/rgb/20250501_180648_912045.jpg,output/depth/20250501_180648_912045.png,2.0792653560638428,0.023724615573883057,9.7915620803833,-0.0043036616407334805,-0.002067354740574956,0.005826898384839296,-0.025899354368448257,0.6315581202507019,0.0,15.56481077475299
771,20250501_180648_962044,output/rgb/20250501_180648_962044.jpg,output/depth/20250501_180648_962044.png,1.6298354864120483,-0.19457747042179108,9.8025484085083,0.004543526563793421,-0.0031645693816244602,-0.04241615906357765,-0.014495276845991611,0.4703828692436218,0.0,16.584114049855707
772,20250501_180649_011042,output/rgb/20250501_180649_011042.jpg,output/depth/20250501_180649_011042.png,0.5778020620346069,-0.12229810655117035,9.820927619934082,-0.0024164216592907906,-0.008562218397855759,-0.025086073204874992,-0.004089550580829382,0.38097065687179565,0.0,16.852837154284895
773,20250501_180649_058043,output/rgb/20250501_180649_058043.jpg,output/depth/20250501_180649_058043.png,-0.3181055784225464,-0.03362015634775162,9.812994003295898,-0.0023333984427154064,-0.010584298521280289,-0.007241666316986084,-0.0036530708894133568,0.3861224949359894,0.0,16.571594832013066
774,20250501_180649_104042,output/rgb/20250501_180649_104042.jpg,output/depth/20250501_180649_104042.png,-0.5631303787231445,-0.02600283920764923,9.797788619995117,0.00042384027619846165,-0.006994409486651421,-0.006256570108234882,-0.010004498064517975,0.44772472977638245,0.0,16.19716492409292
775,20250501_180649_153050,output/rgb/20250501_180649_153050.jpg,output/depth/20250501_180649_153050.png,-0.270408570766449,-0.07340630143880844,9.793455123901367,0.0017401135992258787,-0.001283693709410727,-0.016630331054329872,-0.023858219385147095,0.4990943670272827,0.0,16.051460538341473
776,20250501_180649_199042,output/rgb/20250501_180649_199042.jpg,output/depth/20250501_180649_199042.png,0.11488203704357147,-0.17681199312210083,9.800064086914062,0.0026209563948214054,0.002561839995905757,-0.03941581770777702,-0.04230654239654541,0.5082976222038269,0.0,16.161583666049385
777,20250501_180649_247044,output/rgb/20250501_180649_247044.jpg,output/depth/20250501_180649_247044.png,0.2808135449886322,-0.32035598158836365,9.80880355834961,0.0030363546684384346,0.002854326507076621,-0.07027016580104828,-0.05920983478426933,0.4846189618110657,0.0,16.355720775458202
778,20250501_180649_294042,output/rgb/20250501_180649_294042.jpg,output/depth/20250501_180649_294042.png,0.19808566570281982,-0.4552419185638428,9.812387466430664,0.002298470353707671,0.0009060485172085464,-0.0989498645067215,-0.06371615082025528,0.4579803943634033,0.0,16.473663377628768
779,20250501_180649_339042,output/rgb/20250501_180649_339042.jpg,output/depth/20250501_180649_339042.png,0.0024371864274144173,-0.49159935116767883,9.811644554138184,-0.0006313302437774837,-0.0009496119455434382,-0.10689325630664825,-0.05365084111690521,0.44773736596107483,0.0,16.469353654493766
780,20250501_180649_385043,output/rgb/20250501_180649_385043.jpg,output/depth/20250501_180649_385043.png,-0.10950684547424316,-0.4122791588306427,9.809104919433594,-0.0035301705356687307,-0.0013502812944352627,-0.09020832926034927,-0.011678412556648254,0.4543969929218292,0.0,16.392625620432472
781,20250501_180649_431042,output/rgb/20250501_180649_431042.jpg,output/depth/20250501_180649_431042.png,-0.09503129124641418,0.8141668438911438,9.80706787109375,-0.027101393789052963,-0.0001396575098624453,0.011522343382239342,0.01492900587618351,0.46390143036842346,0.0,16.334102296556996
782,20250501_180649_476042,output/rgb/20250501_180649_476042.jpg,output/depth/20250501_180649_476042.png,-0.043051525950431824,0.6090085506439209,9.806806564331055,-0.011252318508923054,0.0003121009503956884,0.04196074604988098,0.029150590300559998,0.47425130009651184,0.0,16.329345788377683
783,20250501_180649_518041,output/rgb/20250501_180649_518041.jpg,output/depth/20250501_180649_518041.png,0.05269726738333702,-0.5739745497703552,9.811807632446289,0.01757745072245598,0.0005687174270860851,0.020861100405454636,0.005594740156084299,0.47472286224365234,0.0,16.36787789913131
784,20250501_180649_563044,output/rgb/20250501_180649_563044.jpg,output/depth/20250501_180649_563044.png,0.06989896297454834,0.0418890155851841,9.810123443603516,0.0052986773662269115,0.00045007909648120403,0.00958119798451662,0.002413853770121932,0.4676336646080017,0.0,16.410979618465323
785,20250501_180649_604043,output/rgb/20250501_180649_604043.jpg,output/depth/20250501_180649_604043.png,0.029979102313518524,0.01676175184547901,9.811141967773438,0.0013674711808562279,-5.001647878088988e-06,0.004152461886405945,-0.001760279992595315,0.4629385471343994,0.0,16.42642567610759
786,20250501_180649_648044,output/rgb/20250501_180649_648044.jpg,output/depth/20250501_180649_648044.png,-0.014959023334085941,-0.02127806656062603,9.810579299926758,0.00074157485505566,-0.00029783588252030313,-0.0036968267522752285,-0.002245834795758128,0.46336424350738525,0.0,16.418275520916108
787,20250501_180649_693043,output/rgb/20250501_180649_693043.jpg,output/depth/20250501_180649_693043.png,-0.010009628720581532,0.0035695508122444153,9.809645652770996,-0.0013282542349770665,-0.0002246149961138144,-0.00136482622474432,-0.00098757806699723,0.4666711688041687,0.0,16.407656885173548
788,20250501_180649_735045,output/rgb/20250501_180649_735045.jpg,output/depth/20250501_180649_735045.png,-0.00498213991522789,-0.00720101036131382,9.809294700622559,-0.0004098776262253523,-3.153518628096208e-05,-0.0016637686640024185,-0.00010193954221904278,0.4684460759162903,0.0,16.40586501251988
789,20250501_180649_779045,output/rgb/20250501_180649_779045.jpg,output/depth/20250501_180649_779045.png,0.010001866146922112,-0.000908634508959949,9.809670448303223,-0.0004516425833571702,9.4572504167445e-05,-0.00020294400746934116,0.0003705571871250868,0.46857523918151855,0.0,16.41356412969434
790,20250501_180649_823044,output/rgb/20250501_180649_823044.jpg,output/depth/20250501_180649_823044.png,0.009991333819925785,0.003153234953060746,9.810066223144531,-0.00020291398686822504,0.00010374849080108106,0.000616995501331985,0.0003705571871250868,0.46857523918151855,0.0,16.424933485818414
791,20250501_180649_865042,output/rgb/20250501_180649_865042.jpg,output/depth/20250501_180649_865042.png,0.014993829652667046,0.0025405539199709892,9.810236930847168,5.6424931244691834e-05,3.771660340134986e-05,0.0005688813398592174,0.0003275578492321074,0.4673177897930145,0.0,16.433385325789924
792,20250501_180649_908045,output/rgb/20250501_180649_908045.jpg,output/depth/20250501_180649_908045.png,0.010013570077717304,-0.0051303040236234665,9.81008243560791,0.00019070452253799886,-3.2218686101259664e-05,0.00037204407271929085,0.00014772580470889807,0.46735021471977234,0.0,16.437890985314116
793,20250501_180649_949042,output/rgb/20250501_180649_949042.jpg,output/depth/20250501_180649_949042.png,0.004999535623937845,9.08515285118483e-05,9.809896469116211,8.704835636308417e-05,-2.659852907527238e-05,0.000151929518324323,8.01348578534089e-05,0.46768784523010254,0.0,16.44251493645317
794,20250501_180649_992055,output/rgb/20250501_180649_992055.jpg,output/depth/20250501_180649_992055.png,0.009995966218411922,0.0015876535326242447,9.80996036529541,-1.3623171980725601e-05,-7.422337148454972e-06,0.00017840374493971467,0.0003458662540651858,0.4682646095752716,0.0,16.44734545734668
795,20250501_180650_034042,output/rgb/20250501_180650_034042.jpg,output/depth/20250501_180650_034042.png,0.00499317143112421,0.0027465149760246277,9.809926986694336,-9.054094698512927e-05,9.083052646019496e-06,0.0005851752357557416,0.00047916476614773273,0.4679065942764282,0.0,16.453683577536772
796,20250501_180650_078044,output/rgb/20250501_180650_078044.jpg,output/depth/20250501_180650_078044.png,0.004976052325218916,0.010558227077126503,9.810017585754395,-0.00018699464271776378,7.563330655102618e-06,0.0010587489232420921,0.0006781620322726667,0.4680914282798767,0.0,16.4596651788712
797,20250501_180650_122042,output/rgb/20250501_180650_122042.jpg,output/depth/20250501_180650_122042.png,0.004988986533135176,0.0054008448496460915,9.810002326965332,-1.125026392401196e-05,-3.1994704841054045e-07,0.0011605791514739394,0.0013006816152483225,0.46794846653938293,0.0,16.46517887473003
798,20250501_180650_165043,output/rgb/20250501_180650_165043.jpg,output/depth/20250501_180650_165043.png,0.004982911515980959,0.010320656932890415,9.80990982055664,-0.00010351962555432692,-8.749768312554806e-06,0.0022152699530124664,0.0010597221553325653,0.4679761230945587,0.0,16.46975039282904
799,20250501_180650_205042,output/rgb/20250501_180650_205042.jpg,output/depth/20250501_180650_205042.png,0.014989903196692467,0.008299844339489937,9.810052871704102,0.00011306460510240868,-1.0752450180007145e-05,0.0018218602053821087,0.0019526618998497725,0.467947393655777,0.0,16.4737795669847
800,20250501_180650_248043,output/rgb/20250501_180650_248043.jpg,output/depth/20250501_180650_248043.png,0.0049898759461939335,0.014612861908972263,9.810015678405762,-0.0002641549217514694,-9.31200702325441e-06,0.0032991941552609205,0.0019526618998497725,0.467947393655777,0.0,16.47645731674722
801,20250501_180650_287041,output/rgb/20250501_180650_287041.jpg,output/depth/20250501_180650_287041.png,0.004999556113034487,0.014687705785036087,9.810046195983887,4.446583989192732e-05,-6.1768159866915084e-06,0.0032250341027975082,0.0018823561258614063,0.46807461977005005,0.0,16.48073723390893
802,20250501_180650_327043,output/rgb/20250501_180650_327043.jpg,output/depth/20250501_180650_327043.png,0.010023774579167366,0.03749362751841545,9.809983253479004,-0.0004058737540617585,-1.6198267758227303e-06,0.004013593774288893,0.0028436542488634586,0.4684475362300873,0.0,16.485678518853387
803,20250501_180650_389049,output/rgb/20250501_180650_389049.jpg,output/depth/20250501_180650_389049.png,0.015045300126075745,0.022391675040125847,9.810063362121582,-4.6570894483011216e-05,8.498177521687467e-06,0.004852949175983667,0.0028436542488634586,0.4684475362300873,0.0,16.491488401062504
804,20250501_180650_432044,output/rgb/20250501_180650_432044.jpg,output/depth/20250501_180650_432044.png,5.4571621149079874e-05,0.018515542149543762,9.809965133666992,0.000181347451871261,2.651959903232637e-06,0.0044478666968643665,0.0025816955603659153,0.46838557720184326,0.0,16.49576620865941
805,20250501_180650_472045,output/rgb/20250501_180650_472045.jpg,output/depth/20250501_180650_472045.png,0.005045086145401001,0.011856114491820335,9.810153007507324,0.00035107842995785177,-1.3461501566780498e-06,0.0034998131450265646,0.0019988766871392727,0.4685404598712921,0.0,16.499917949621352
806,20250501_180650_513043,output/rgb/20250501_180650_513043.jpg,output/depth/20250501_180650_513043.png,0.004230182152241468,-0.18400365114212036,9.810396194458008,0.003972128499299288,9.866991604212672e-06,-0.003533151699230075,-0.0037222441751509905,0.46854180097579956,0.0,16.503805433545068
807,20250501_180650_555041,output/rgb/20250501_180650_555041.jpg,output/depth/20250501_180650_555041.png,0.004908709321171045,-0.030171087011694908,9.809792518615723,0.0005778722697868943,-2.47251500695711e-06,-0.006327986717224121,-0.02081940323114395,0.46878254413604736,0.0,16.505096542424653
808,20250501_180650_596055,output/rgb/20250501_180650_596055.jpg,output/depth/20250501_180650_596055.png,0.005499548744410276,-0.16084180772304535,9.80919361114502,0.0031903968192636967,-1.1644764526863582e-05,-0.035170264542102814,-0.10426557064056396,0.46917733550071716,0.0,16.45392729027123
809,20250501_180650_638042,output/rgb/20250501_180650_638042.jpg,output/depth/20250501_180650_638042.png,-0.025118477642536163,-0.7799992561340332,9.795035362243652,0.017454825341701508,-0.0005717391613870859,-0.17174135148525238,-0.38392898440361023,0.4780384600162506,0.0,16.154080346641216
810,20250501_180650_688044,output/rgb/20250501_180650_688044.jpg,output/depth/20250501_180650_688044.png,-0.4415227174758911,-2.65435791015625,9.6661958694458,0.04612480849027634,-0.00760689377784729,-0.5841980576515198,-0.800000011920929,0.5238046050071716,0.0,15.619355619826619
811,20250501_180650_743043,output/rgb/20250501_180650_743043.jpg,output/depth/20250501_180650_743043.png,-2.9381771087646484,-5.292491436004639,9.390621185302734,0.06178845092654228,-0.03611296787858009,-1.0836373567581177,-0.800000011920929,0.5250244736671448,0.0,15.21914098706787
812,20250501_180650_798044,output/rgb/20250501_180650_798044.jpg,output/depth/20250501_180650_798044.png,1.814274787902832,-2.4957189559936523,9.832464218139648,-0.07927406579256058,0.07480298727750778,-0.7972587943077087,0.15535736083984375,0.4490540325641632,0.0,17.08189636135401
813,20250501_180650_859043,output/rgb/20250501_180650_859043.jpg,output/depth/20250501_180650_859043.png,-1.6091179847717285,6.05107307434082,9.890908241271973,-0.222910076379776,0.1983957290649414,0.24160878360271454,0.7272917628288269,0.40123552083969116,0.0,15.787069009323902
814,20250501_180650_911045,output/rgb/20250501_180650_911045.jpg,output/depth/20250501_180650_911045.png,-2.0237278938293457,4.353041648864746,9.423369407653809,-0.059867002069950104,0.02940317615866661,0.8965714573860168,0.6683231592178345,0.644942045211792,0.0,15.424025650158747
815,20250501_180650_968041,output/rgb/20250501_180650_968041.jpg,output/depth/20250501_180650_968041.png,0.06627869606018066,4.078111171722412,9.588984489440918,0.04443369060754776,-0.011610809713602066,0.9776036739349365,-0.3767669200897217,0.5604916214942932,0.0,16.69502763742428
816,20250501_180651_020041,output/rgb/20250501_180651_020041.jpg,output/depth/20250501_180651_020041.png,-0.16011500358581543,-6.538328170776367,10.027812957763672,0.34547099471092224,-0.06007184833288193,-0.07562225311994553,-0.7405122518539429,0.40871816873550415,0.0,15.826119026299718
817,20250501_180651_072043,output/rgb/20250501_180651_072043.jpg,output/depth/20250501_180651_072043.png,-5.051012992858887,-6.425199508666992,9.424118995666504,0.13287021219730377,-0.06704919040203094,-0.932296633720398,-0.800000011920929,0.5843434929847717,0.0,14.718107125707794
818,20250501_180651_126051,output/rgb/20250501_180651_126051.jpg,output/depth/20250501_180651_126051.png,-0.598567008972168,-4.312077522277832,9.506378173828125,-0.03280172124505043,0.022784031927585602,-1.1056195497512817,-0.800000011920929,0.699999988079071,0.0,15.795501170510661
819,20250501_180651_187042,output/rgb/20250501_180651_187042.jpg,output/depth/20250501_180651_187042.png,-0.5264081954956055,-4.846498966217041,9.553095817565918,-0.01137418020516634,0.016709886491298676,-1.1983803510665894,-0.800000011920929,0.42675867676734924,0.0,16.83207550847621
820,20250501_180651_250041,output/rgb/20250501_180651_250041.jpg,output/depth/20250501_180651_250041.png,-1.6560492515563965,-5.033573627471924,9.549764633178711,-0.00625709630548954,0.00219144718721509,-1.2355287075042725,-0.800000011920929,0.42584657669067383,0.0,16.746571821899327
821,20250501_180651_312044,output/rgb/20250501_180651_312044.jpg,output/depth/20250501_180651_312044.png,-1.9392223358154297,-4.822546005249023,9.544182777404785,-0.003119552507996559,0.0075376746244728565,-1.2159119844436646,0.800000011920929,0.486103892326355,0.0,16.657123909476503
822,20250501_180651_378042,output/rgb/20250501_180651_378042.jpg,output/depth/20250501_180651_378042.png,-0.11163473129272461,7.3258538246154785,10.03213119506836,0.13954132795333862,0.32995155453681946,-0.07226976752281189,0.800000011920929,0.44206684827804565,0.0,15.029949833804185
823,20250501_180651_430043,output/rgb/20250501_180651_430043.jpg,output/depth/20250501_180651_430043.png,-5.642568588256836,6.777503967285156,9.443147659301758,0.020998936146497726,0.16439059376716614,0.888420581817627,0.800000011920929,0.6721875071525574,0.0,14.266918898900794
824,20250501_180651_485042,output/rgb/20250501_180651_485042.jpg,output/depth/20250501_180651_485042.png,-0.12640094757080078,4.26261043548584,9.518672943115234,0.006842494010925293,-0.044695865362882614,1.0875521898269653,0.800000011920929,0.699999988079071,0.0,15.649806303633097
825,20250501_180651_548043,output/rgb/20250501_180651_548043.jpg,output/depth/20250501_180651_548043.png,-0.36319684982299805,4.869948387145996,9.557769775390625,0.008249596692621708,-0.019173597916960716,1.198467493057251,-0.800000011920929,0.4811893701553345,0.0,17.280619866309998
826,20250501_180651_602044,output/rgb/20250501_180651_602044.jpg,output/depth/20250501_180651_602044.png,0.2798042297363281,-7.395629405975342,10.102052688598633,0.19917598366737366,-0.3103419840335846,0.08403278887271881,-0.800000011920929,0.5175712704658508,0.0,15.243270485831621
827,20250501_180651_694046,output/rgb/20250501_180651_694046.jpg,output/depth/20250501_180651_694046.png,-5.060281276702881,-6.454802513122559,9.495460510253906,0.00313291372731328,-0.07347511500120163,-1.0117322206497192,-0.800000011920929,0.6391668319702148,0.0,14.958844054323897
828,20250501_180651_747056,output/rgb/20250501_180651_747056.jpg,output/depth/20250501_180651_747056.png,-0.256589412689209,-4.441956043243408,9.534052848815918,0.004439516458660364,0.03496808186173439,-1.129456639289856,-0.800000011920929,0.699999988079071,0.0,15.923565075324323
829,20250501_180651_810051,output/rgb/20250501_180651_810051.jpg,output/depth/20250501_180651_810051.png,-0.549267053604126,-4.85120153427124,9.596555709838867,0.0023834644816815853,0.008336208760738373,-1.2078782320022583,-0.07264399528503418,0.4530031085014343,0.0,17.41106076689717
830,20250501_180651_862043,output/rgb/20250501_180651_862043.jpg,output/depth/20250501_180651_862043.png,0.608128547668457,6.766842842102051,9.619955062866211,0.17013676464557648,0.30474716424942017,-0.10817204415798187,0.49772799015045166,0.4321632385253906,0.0,15.826410546820405
831,20250501_180651_913043,output/rgb/20250501_180651_913043.jpg,output/depth/20250501_180651_913043.png,-2.9856462478637695,5.271156311035156,9.502898216247559,0.03689509630203247,0.1302662342786789,0.7811881899833679,0.24557805061340332,0.6392807960510254,0.0,16.117537464948366
832,20250501_180651_969041,output/rgb/20250501_180651_969041.jpg,output/depth/20250501_180651_969041.png,0.05768918991088867,4.064581871032715,9.781436920166016,-0.004149000626057386,-0.027093257755041122,0.49213698506355286,0.800000011920929,0.5738784074783325,0.0,16.1013679281111
833,20250501_180652_026044,output/rgb/20250501_180652_026044.jpg,output/depth/20250501_180652_026044.png,0.23469042778015137,3.0742526054382324,9.701638221740723,0.0009520685998722911,-0.021440202370285988,0.7116809487342834,0.44977760314941406,0.4648374915122986,0.0,16.77305930671445
834,20250501_180652_080043,output/rgb/20250501_180652_080043.jpg,output/depth/20250501_180652_080043.png,1.3570995330810547,-6.479440212249756,9.928044319152832,0.030728625133633614,-0.26413846015930176,0.211905837059021,-0.08713313937187195,0.4533803462982178,0.0,16.479493324038728
835,20250501_180652_135042,output/rgb/20250501_180652_135042.jpg,output/depth/20250501_180652_135042.png,-0.7886593341827393,-2.4076285362243652,9.70278263092041,0.004262387752532959,-0.0940297469496727,-0.3817865550518036,-0.34821194410324097,0.5424996614456177,0.0,16.037067940876867
836,20250501_180652_192042,output/rgb/20250501_180652_192042.jpg,output/depth/20250501_180652_192042.png,0.03058934211730957,-2.4656081199645996,9.694757461547852,0.0017840651562437415,0.005158683285117149,-0.5389178991317749,-0.4984550476074219,0.5575898885726929,0.0,16.19586048559511
837,20250501_180652_248041,output/rgb/20250501_180652_248041.jpg,output/depth/20250501_180652_248041.png,-0.1879110336303711,-3.444572925567627,9.617748260498047,-0.0030704475939273834,-0.012044260278344154,-0.7607773542404175,-0.0001437664031982422,0.5112691521644592,0.0,16.577412640451495
838,20250501_180652_303043,output/rgb/20250501_180652_303043.jpg,output/depth/20250501_180652_303043.png,-0.19160246849060059,3.781589984893799,9.849308967590332,0.05926765128970146,0.19562014937400818,0.14428533613681793,0.22393134236335754,0.45754992961883545,0.0,16.474717685678456
839,20250501_180652_354045,output/rgb/20250501_180652_354045.jpg,output/depth/20250501_180652_354045.png,-2.5246386528015137,6.015926361083984,9.695337295532227,0.011043144389986992,0.11882735788822174,0.5940999984741211,0.800000011920929,0.501056432723999,0.0,15.421671421975716
840,20250501_180652_407042,output/rgb/20250501_180652_407042.jpg,output/depth/20250501_180652_407042.png,-2.086172580718994,4.805658340454102,9.373486518859863,-0.009824853390455246,0.036466989666223526,1.0985080003738403,0.800000011920929,0.699999988079071,0.0,15.428242119903691
841,20250501_180652_461042,output/rgb/20250501_180652_461042.jpg,output/depth/20250501_180652_461042.png,2.974055290222168,1.483076572418213,9.712068557739258,0.04889138415455818,-0.0987623855471611,0.9457997679710388,0.6089208722114563,0.6018828749656677,0.0,16.755192305157326
842,20250501_180652_513041,output/rgb/20250501_180652_513041.jpg,output/depth/20250501_180652_513041.png,3.463344097137451,-5.12636137008667,9.755134582519531,0.1387731283903122,-0.21547667682170868,0.4811769127845764,-0.60355144739151,0.38496509194374084,0.0,16.08582355108291
843,20250501_180652_567042,output/rgb/20250501_180652_567042.jpg,output/depth/20250501_180652_567042.png,-4.633414268493652,-6.4644622802734375,9.540102005004883,0.07802605628967285,-0.1995878666639328,-0.7315778732299805,-0.60355144739151,0.38496509194374084,0.0,15.03835379637783
844,20250501_180652_622042,output/rgb/20250501_180652_622042.jpg,output/depth/20250501_180652_622042.png,-2.7565360069274902,-5.32123327255249,9.397568702697754,-0.00533280847594142,-0.021169332787394524,-1.0567495822906494,-0.800000011920929,0.699999988079071,0.0,15.342492994030671
845,20250501_180652_676049,output/rgb/20250501_180652_676049.jpg,output/depth/20250501_180652_676049.png,-0.065948486328125,-4.649445533752441,9.413684844970703,0.0041897231712937355,0.02805330418050289,-1.1595908403396606,-0.800000011920929,0.5753434300422668,0.0,16.606757839132644
846,20250501_180652_731045,output/rgb/20250501_180652_731045.jpg,output/depth/20250501_180652_731045.png,-0.7265205383300781,-5.125399589538574,9.547038078308105,0.0016055474989116192,0.0065360283479094505,-1.233808159828186,-0.800000011920929,0.6895300149917603,0.0,15.53795223103102
847,20250501_180653_527043,output/rgb/20250501_180653_527043.jpg,output/depth/20250501_180653_527043.png,-0.18019533157348633,-4.706134796142578,9.535001754760742,0.006803056225180626,0.04022132605314255,-1.1688908338546753,-0.800000011920929,0.4955553710460663,0.0,17.031957039318126
848,20250501_180653_602042,output/rgb/20250501_180653_602042.jpg,output/depth/20250501_180653_602042.png,-1.381877064704895,-5.256014823913574,9.5390043258667,-0.0034015453420579433,0.0019040143815800548,-1.2564908266067505,-0.7045339345932007,0.423645943403244,0.0,17.287813943304606
849,20250501_180654_307043,output/rgb/20250501_180654_307043.jpg,output/depth/20250501_180654_307043.png,-4.555086612701416,-6.9413838386535645,9.560434341430664,0.036383695900440216,-0.15489539504051208,-0.813355028629303,-0.800000011920929,0.41106536984443665,0.0,15.438601261641066
850,20250501_180654_361042,output/rgb/20250501_180654_361042.jpg,output/depth/20250501_180654_361042.png,-1.935804843902588,-4.381069183349609,9.887450218200684,-0.022165248170495033,0.025082800537347794,-1.1240270137786865,-0.800000011920929,0.6925190687179565,0.0,15.60254933445957
851,20250501_180654_415042,output/rgb/20250501_180654_415042.jpg,output/depth/20250501_180654_415042.png,-0.32822442054748535,-4.682919025421143,9.549537658691406,0.006418925244361162,0.02647542767226696,-1.1839988231658936,-0.800000011920929,0.6462134718894958,0.0,16.80633844759285
852,20250501_180654_464042,output/rgb/20250501_180654_464042.jpg,output/depth/20250501_180654_464042.png,5.619101524353027,3.6365435123443604,9.862510681152344,0.1285463571548462,0.1922018826007843,-0.781943678855896,0.6361700296401978,0.5012930035591125,0.0,16.94439245856726
853,20250501_180654_512042,output/rgb/20250501_180654_512042.jpg,output/depth/20250501_180654_512042.png,-4.122219085693359,6.640214443206787,9.64195442199707,0.09792901575565338,0.24639584124088287,0.602853000164032,0.800000011920929,0.324767529964447,0.0,14.92151945267262
854,20250501_180654_559042,output/rgb/20250501_180654_559042.jpg,output/depth/20250501_180654_559042.png,-2.018911600112915,4.400669097900391,9.362951278686523,-0.006738042458891869,0.00040335627272725105,1.0656352043151855,0.800000011920929,0.699999988079071,0.0,15.060570035972281
855,20250501_180654_620043,output/rgb/20250501_180654_620043.jpg,output/depth/20250501_180654_620043.png,-0.08150768280029297,4.606913089752197,9.543580055236816,0.010779542848467827,-0.039676468819379807,1.1579358577728271,0.7625284194946289,0.6311255097389221,0.0,16.40320614819349
856,20250501_180654_671048,output/rgb/20250501_180654_671048.jpg,output/depth/20250501_180654_671048.png,-0.4183049201965332,4.700189113616943,9.336456298828125,0.004763155244290829,-0.00970692839473486,1.1841927766799927,-0.800000011920929,0.4471537172794342,0.0,17.73145930418546
857,20250501_180654_727043,output/rgb/20250501_180654_727043.jpg,output/depth/20250501_180654_727043.png,-2.2710962295532227,-6.542083740234375,9.919464111328125,0.17397400736808777,-0.295793741941452,-0.23435822129249573,-0.800000011920929,0.3828429579734802,0.0,15.859041888975563
858,20250501_180654_771043,output/rgb/20250501_180654_771043.jpg,output/depth/20250501_180654_771043.png,-6.457637786865234,-6.799039840698242,9.302931785583496,-0.003975697327405214,-0.12454443424940109,-0.9332616925239563,-0.800000011920929,0.699999988079071,0.0,14.551264501174522
859,20250501_180654_827054,output/rgb/20250501_180654_827054.jpg,output/depth/20250501_180654_827054.png,-0.3842964172363281,-4.344099044799805,9.54238224029541,-0.0035185902379453182,0.05003470927476883,-1.104805588722229,-0.800000011920929,0.699999988079071,0.0,15.5948565503661
860,20250501_180654_883044,output/rgb/20250501_180654_883044.jpg,output/depth/20250501_180654_883044.png,-0.15043306350708008,-4.730037212371826,9.707740783691406,0.028561361134052277,0.06877557933330536,-1.1904085874557495,-0.800000011920929,0.5681161880493164,0.0,16.914846320142132
861,20250501_180654_932044,output/rgb/20250501_180654_932044.jpg,output/depth/20250501_180654_932044.png,2.591848611831665,-1.6754558086395264,9.528788566589355,0.061653170734643936,0.0886833593249321,-1.0800330638885498,0.800000011920929,0.44732433557510376,0.0,17.268592394328763
862,20250501_180654_978041,output/rgb/20250501_180654_978041.jpg,output/depth/20250501_180654_978041.png,-3.0940206050872803,6.264486312866211,9.799931526184082,0.14018332958221436,0.27095848321914673,0.40743744373321533,0.800000011920929,0.44732433557510376,0.0,15.480703823811725
863,20250501_180655_026044,output/rgb/20250501_180655_026044.jpg,output/depth/20250501_180655_026044.png,-2.9885668754577637,5.132497787475586,9.295358657836914,0.006377676501870155,0.05572638660669327,1.062705159187317,0.800000011920929,0.5099623799324036,0.0,15.0555112140901
864,20250501_180655_082042,output/rgb/20250501_180655_082042.jpg,output/depth/20250501_180655_082042.png,-0.37806129455566406,4.476768970489502,9.532992362976074,0.0048166681081056595,-0.05251333862543106,1.1420366764068604,0.800000011920929,0.6277267336845398,0.0,16.228137225990167
865,20250501_180655_133042,output/rgb/20250501_180655_133042.jpg,output/depth/20250501_180655_133042.png,3.153653383255005,1.6827783584594727,9.81692123413086,0.06223330646753311,-0.06498196721076965,1.0493850708007812,-0.800000011920929,0.561465322971344,0.0,16.999948836922854
866,20250501_180655_185043,output/rgb/20250501_180655_185043.jpg,output/depth/20250501_180655_185043.png,-2.387157440185547,-6.269494533538818,9.768239974975586,0.11199002712965012,-0.2849467992782593,-0.4086967706680298,-0.800000011920929,0.3673328459262848,0.0,15.55258722816291
867,20250501_180655_237041,output/rgb/20250501_180655_237041.jpg,output/depth/20250501_180655_237041.png,-3.0236666202545166,-5.118717193603516,9.278813362121582,-0.0025687143206596375,-0.05653379112482071,-1.061790108680725,-0.800000011920929,0.5963191390037537,0.0,15.241263471245
868,20250501_180655_288043,output/rgb/20250501_180655_288043.jpg,output/depth/20250501_180655_288043.png,-0.325214147567749,-4.70947790145874,9.078105926513672,0.0004683390725404024,0.05156349763274193,-1.143747091293335,-0.800000011920929,0.699999988079071,0.0,16.38252002645581
869,20250501_180655_335044,output/rgb/20250501_180655_335044.jpg,output/depth/20250501_180655_335044.png,-0.5420567989349365,-5.053297519683838,9.611490249633789,0.009101364761590958,0.010541669093072414,-1.2233991622924805,-0.800000011920929,0.5558129549026489,0.0,17.201423000764645
870,20250501_180655_388045,output/rgb/20250501_180655_388045.jpg,output/depth/20250501_180655_388045.png,3.3701627254486084,6.211738586425781,10.021100997924805,0.22926752269268036,0.23881182074546814,-0.4435465931892395,0.800000011920929,0.32524049282073975,0.0,16.51529123646873
871,20250501_180655_435043,output/rgb/20250501_180655_435043.jpg,output/depth/20250501_180655_435043.png,-5.504029750823975,6.912895679473877,9.507135391235352,0.1149028018116951,0.19074352085590363,0.7681646943092346,0.800000011920929,0.699999988079071,0.0,14.316150818517801
872,20250501_180655_486041,output/rgb/20250501_180655_486041.jpg,output/depth/20250501_180655_486041.png,-0.5077648162841797,4.200605392456055,9.48764419555664,-0.012129631824791431,-0.04898206144571304,1.0845513343811035,0.800000011920929,0.699999988079071,0.0,15.48670237066226
873,20250501_180655_540041,output/rgb/20250501_180655_540041.jpg,output/depth/20250501_180655_540041.png,-0.0782003402709961,4.849194049835205,9.548272132873535,0.005455752834677696,-0.02195126749575138,1.1907274723052979,0.800000011920929,0.5191922187805176,0.0,16.95143492011143
874,20250501_180655_589043,output/rgb/20250501_180655_589043.jpg,output/depth/20250501_180655_589043.png,2.491222381591797,1.6919920444488525,9.538995742797852,0.04923505336046219,-0.09369117021560669,1.0843958854675293,-0.800000011920929,0.41738995909690857,0.0,17.190528484895022
875,20250501_180655_639042,output/rgb/20250501_180655_639042.jpg,output/depth/20250501_180655_639042.png,-3.3362174034118652,-6.198483467102051,9.752854347229004,0.101812444627285,-0.2875737249851227,-0.4048771560192108,-0.800000011920929,0.3709726333618164,0.0,15.217070341501453
876,20250501_180655_689044,output/rgb/20250501_180655_689044.jpg,output/depth/20250501_180655_689044.png,-2.951610803604126,-4.899652481079102,9.27944278717041,-0.0012835778761655092,-0.050494786351919174,-1.0403287410736084,-0.800000011920929,0.6593658924102783,0.0,14.963184316011402
877,20250501_180655_738042,output/rgb/20250501_180655_738042.jpg,output/depth/20250501_180655_738042.png,0.010190486907958984,-4.388655662536621,9.546090126037598,0.011675850488245487,0.05236843600869179,-1.1239303350448608,-0.7929697036743164,0.699999988079071,0.0,16.286394664608554
878,20250501_180655_789041,output/rgb/20250501_180655_789041.jpg,output/depth/20250501_180655_789041.png,3.585883378982544,-1.2348201274871826,9.711639404296875,0.055756714195013046,0.0913960263133049,-0.9664707183837891,-0.5833154916763306,0.5642458200454712,0.0,17.804171149202464
879,20250501_180655_837042,output/rgb/20250501_180655_837042.jpg,output/depth/20250501_180655_837042.png,2.9890682697296143,5.312647819519043,9.84267807006836,0.15363706648349762,0.18696972727775574,-0.4634699821472168,0.6673689484596252,0.3634880781173706,0.0,16.789504986632583
880,20250501_180655_883043,output/rgb/20250501_180655_883043.jpg,output/depth/20250501_180655_883043.png,-5.422380447387695,6.842564582824707,9.542505264282227,0.10372660309076309,0.20073537528514862,0.7401020526885986,0.800000011920929,0.3390389084815979,0.0,14.366987433975071
881,20250501_180655_926044,output/rgb/20250501_180655_926044.jpg,output/depth/20250501_180655_926044.png,-1.5953283309936523,4.099499702453613,9.436962127685547,-0.009483035653829575,-0.024125002324581146,1.0624871253967285,0.800000011920929,0.699999988079071,0.0,14.950476080460136
882,20250501_180655_977042,output/rgb/20250501_180655_977042.jpg,output/depth/20250501_180655_977042.png,-0.05584144592285156,4.553671836853027,9.564624786376953,0.0073216198943555355,-0.03183833882212639,1.153005599975586,0.800000011920929,0.699999988079071,0.0,16.489619751375518
883,20250501_180656_034043,output/rgb/20250501_180656_034043.jpg,output/depth/20250501_180656_034043.png,-0.8149013519287109,5.195174694061279,9.558305740356445,-0.0018749405862763524,0.005002951715141535,1.244705080986023,-0.34523868560791016,0.4950380027294159,0.0,17.693619547829066
884,20250501_180656_092042,output/rgb/20250501_180656_092042.jpg,output/depth/20250501_180656_092042.png,-2.9412670135498047,-6.289744853973389,9.752542495727539,0.13463428616523743,-0.2747361361980438,-0.40806230902671814,-0.6552311182022095,0.4459407329559326,0.0,15.493374351831184
885,20250501_180656_141045,output/rgb/20250501_180656_141045.jpg,output/depth/20250501_180656_141045.png,1.5610685348510742,-0.5196726322174072,9.483708381652832,-0.013117751106619835,0.08994099497795105,-0.7651479840278625,-0.800000011920929,0.6877265572547913,0.0,16.319751576936294
886,20250501_180656_200043,output/rgb/20250501_180656_200043.jpg,output/depth/20250501_180656_200043.png,-3.94921875,-7.329892158508301,9.54207706451416,-0.006796614732593298,-0.11582770198583603,-0.9844806790351868,-0.33962053060531616,0.5225071310997009,0.0,17.144292648271783
887,20250501_180656_253041,output/rgb/20250501_180656_253041.jpg,output/depth/20250501_180656_253041.png,1.5808556079864502,1.9800121784210205,9.814568519592285,0.024459367617964745,0.16804172098636627,-0.3713585138320923,0.05710382014513016,0.551554799079895,0.0,17.650035016825008
888,20250501_180656_297041,output/rgb/20250501_180656_297041.jpg,output/depth/20250501_180656_297041.png,-0.01492762565612793,3.0916242599487305,9.788797378540039,0.008217472583055496,0.10704362392425537,0.2056150883436203,0.24882924556732178,0.3810481131076813,0.0,17.440678995262733
889,20250501_180656_338044,output/rgb/20250501_180656_338044.jpg,output/depth/20250501_180656_338044.png,-0.7229971885681152,2.037545680999756,9.751052856445312,-0.005782213527709246,-0.004433466121554375,0.4179600179195404,0.800000011920929,0.4412696063518524,0.0,16.22694576153188
890,20250501_180656_390041,output/rgb/20250501_180656_390041.jpg,output/depth/20250501_180656_390041.png,-3.7562646865844727,5.557231903076172,9.335948944091797,-0.032135672867298126,0.06746134161949158,1.0935741662979126,0.800000011920929,0.49858012795448303,0.0,15.355395902799662
891,20250501_180656_444041,output/rgb/20250501_180656_444041.jpg,output/depth/20250501_180656_444041.png,1.9105682373046875,2.2294931411743164,9.844511032104492,0.08139525353908539,-0.09696902334690094,0.7768838405609131,-0.3899471163749695,0.5326973795890808,0.0,17.116930802695684
892,20250501_180656_501047,output/rgb/20250501_180656_501047.jpg,output/depth/20250501_180656_501047.png,-0.8895893096923828,-5.623921871185303,9.893196105957031,0.17683354020118713,-0.2212335616350174,-0.2229262739419937,-0.800000011920929,0.421451598405838,0.0,16.36153091873011
893,20250501_180656_538042,output/rgb/20250501_180656_538042.jpg,output/depth/20250501_180656_538042.png,-5.226443290710449,-7.13222074508667,9.46866512298584,0.07168867439031601,-0.16153199970722198,-0.910031259059906,-0.800000011920929,0.677274227142334,0.0,15.16252191406099
894,20250501_180656_592042,output/rgb/20250501_180656_592042.jpg,output/depth/20250501_180656_592042.png,-0.5747866630554199,-4.546799659729004,9.661504745483398,-0.029444731771945953,0.058079883456230164,-1.1451194286346436,-0.800000011920929,0.699999988079071,0.0,16.37200317216558
895,20250501_180656_646045,output/rgb/20250501_180656_646045.jpg,output/depth/20250501_180656_646045.png,-0.3784298896789551,-5.420142650604248,9.237320899963379,0.004069702699780464,0.0032576986122876406,-1.2409801483154297,-0.800000011920929,0.49469244480133057,0.0,17.787033682239414
896,20250501_180656_696047,output/rgb/20250501_180656_696047.jpg,output/depth/20250501_180656_696047.png,-1.534435749053955,-5.632230281829834,9.589052200317383,-0.005235482472926378,-0.007953105494379997,-1.297918438911438,0.800000011920929,0.41524428129196167,0.0,18.18282130828913
897,20250501_180656_748045,output/rgb/20250501_180656_748045.jpg,output/depth/20250501_180656_748045.png,-3.6034698486328125,6.2729997634887695,9.763516426086426,0.1826898753643036,0.2590644657611847,0.40554192662239075,0.800000011920929,0.3396804630756378,0.0,14.85372983056325
898,20250501_180656_791042,output/rgb/20250501_180656_791042.jpg,output/depth/20250501_180656_791042.png,-3.7028446197509766,4.8642730712890625,9.309648513793945,0.010809017345309258,0.049791768193244934,1.0429507493972778,0.6371657252311707,0.699999988079071,0.0,14.922528051153066
899,20250501_180656_839043,output/rgb/20250501_180656_839043.jpg,output/depth/20250501_180656_839043.png,0.44419169425964355,3.7775325775146484,9.633600234985352,0.0008452674373984337,-0.052529606968164444,0.9212527275085449,0.800000011920929,0.699999988079071,0.0,15.79385532214308
900,20250501_180656_890041,output/rgb/20250501_180656_890041.jpg,output/depth/20250501_180656_890041.png,-0.20990896224975586,5.099673271179199,9.513887405395508,0.0025268427561968565,0.012405049987137318,1.211380958557129,0.31256556510925293,0.5967473387718201,0.0,17.94740041138382
901,20250501_180656_944055,output/rgb/20250501_180656_944055.jpg,output/depth/20250501_180656_944055.png,-1.2304596900939941,-6.306802749633789,9.9612398147583,0.09678211808204651,-0.29731816053390503,-0.18752233684062958,-0.800000011920929,0.39821285009384155,0.0,16.757365123970526
902,20250501_180656_988042,output/rgb/20250501_180656_988042.jpg,output/depth/20250501_180656_988042.png,-5.912628173828125,-6.815484046936035,9.299542427062988,-0.004795740358531475,-0.13465173542499542,-1.0378975868225098,-0.800000011920929,0.5378368496894836,0.0,15.425567495780628
903,20250501_180657_038042,output/rgb/20250501_180657_038042.jpg,output/depth/20250501_180657_038042.png,-0.44011616706848145,-4.691342830657959,9.493263244628906,0.011187044903635979,0.04947621002793312,-1.1636513471603394,-0.800000011920929,0.4641605019569397,0.0,17.504923905629248
904,20250501_180657_120043,output/rgb/20250501_180657_120043.jpg,output/depth/20250501_180657_120043.png,5.262784481048584,3.47672700881958,9.76008129119873,0.18090489506721497,0.14806394279003143,-0.8175790905952454,0.800000011920929,0.35312962532043457,0.0,17.370619304726905
905,20250501_180657_173056,output/rgb/20250501_180657_173056.jpg,output/depth/20250501_180657_173056.png,-5.635809898376465,7.034001350402832,9.496736526489258,0.1375720053911209,0.18463701009750366,0.7759924530982971,0.800000011920929,0.6046950221061707,0.0,14.612298195000735
906,20250501_180657_215041,output/rgb/20250501_180657_215041.jpg,output/depth/20250501_180657_215041.png,-1.2496764659881592,4.312506675720215,9.426396369934082,-0.014145947992801666,-0.028303109109401703,1.0868992805480957,0.800000011920929,0.699999988079071,0.0,15.270551057411755
907,20250501_180657_265044,output/rgb/20250501_180657_265044.jpg,output/depth/20250501_180657_265044.png,-0.17174386978149414,4.658486366271973,9.544184684753418,0.0005687234806828201,-0.03588704764842987,1.168704867362976,0.800000011920929,0.6055073738098145,0.0,16.676143879469052
908,20250501_180657_316042,output/rgb/20250501_180657_316042.jpg,output/depth/20250501_180657_316042.png,-0.6570286750793457,5.169166564941406,9.761490821838379,0.02915031462907791,-0.04573862999677658,1.254292368888855,-0.800000011920929,0.4344310462474823,0.0,17.981023739076576
909,20250501_180657_366041,output/rgb/20250501_180657_366041.jpg,output/depth/20250501_180657_366041.png,-0.06060600280761719,-7.334030628204346,10.347352027893066,0.15150482952594757,-0.3099469542503357,0.10903508961200714,-0.800000011920929,0.30652880668640137,0.0,16.267501185565457
910,20250501_180657_408042,output/rgb/20250501_180657_408042.jpg,output/depth/20250501_180657_408042.png,-6.868771553039551,-7.287600994110107,9.958608627319336,0.035253845155239105,-0.20279768109321594,-0.9185376167297363,-0.800000011920929,0.699999988079071,0.0,14.35333167896967
911,20250501_180657_458043,output/rgb/20250501_180657_458043.jpg,output/depth/20250501_180657_458043.png,-0.519782543182373,-4.077524185180664,9.53247356414795,0.0018667946569621563,0.06328138709068298,-1.0818777084350586,-0.800000011920929,0.699999988079071,0.0,15.672551333725101
912,20250501_180657_507046,output/rgb/20250501_180657_507046.jpg,output/depth/20250501_180657_507046.png,-0.0945589542388916,-4.775014877319336,9.564702987670898,0.010828305967152119,0.013521512970328331,-1.1833837032318115,-0.800000011920929,0.5603204965591431,0.0,16.87936991703035
913,20250501_180657_556044,output/rgb/20250501_180657_556044.jpg,output/depth/20250501_180657_556044.png,-1.0125095844268799,-5.311507225036621,9.541511535644531,-0.007007973734289408,-0.0064141349866986275,-1.258723258972168,-0.800000011920929,0.45034074783325195,0.0,17.50998987106667
914,20250501_180657_606044,output/rgb/20250501_180657_606044.jpg,output/depth/20250501_180657_606044.png,-1.6805438995361328,-5.658688545227051,9.858060836791992,-0.03415808081626892,-0.03508773073554039,-1.275187611579895,-0.02760148048400879,0.46703723073005676,0.0,17.828794634795237
915,20250501_180657_653042,output/rgb/20250501_180657_653042.jpg,output/depth/20250501_180657_653042.png,0.6147971153259277,4.971838474273682,10.042407035827637,0.2904549241065979,0.08689679950475693,-0.19473065435886383,-0.800000011920929,0.44297730922698975,0.0,17.373072278866317
916,20250501_180657_700042,output/rgb/20250501_180657_700042.jpg,output/depth/20250501_180657_700042.png,-0.5136651992797852,-0.14361317455768585,9.798513412475586,-0.008542562834918499,-0.013106497004628181,-0.4019097685813904,0.16192865371704102,0.4935433566570282,0.0,16.555757597856232
917,20250501_180657_738043,output/rgb/20250501_180657_738043.jpg,output/depth/20250501_180657_738043.png,-0.10041841119527817,1.2993860244750977,9.794110298156738,0.07972017675638199,0.015909861773252487,0.252261221408844,0.043721914291381836,0.5919544696807861,0.0,16.735608048050736
918,20250501_180657_785042,output/rgb/20250501_180657_785042.jpg,output/depth/20250501_180657_785042.png,0.5739335417747498,0.5112864971160889,10.384613990783691,-0.01752535253763199,0.0031375268008559942,0.07679662108421326,-0.800000011920929,0.5481318831443787,0.0,17.026206308504044
919,20250501_180657_832041,output/rgb/20250501_180657_832041.jpg,output/depth/20250501_180657_832041.png,-4.371156215667725,-7.180457592010498,9.648436546325684,-0.22133192420005798,-0.02536146156489849,-0.8249977827072144,0.800000011920929,0.5005878210067749,0.0,16.6837491956967
920,20250501_180657_884043,output/rgb/20250501_180657_884043.jpg,output/depth/20250501_180657_884043.png,-1.3486908674240112,5.560363292694092,9.958297729492188,0.30059707164764404,0.03585417568683624,0.28111568093299866,0.6855940222740173,0.5759201645851135,0.0,15.71677235816
921,20250501_180657_934043,output/rgb/20250501_180657_934043.jpg,output/depth/20250501_180657_934043.png,-3.3707501888275146,6.108635425567627,9.439117431640625,0.13024736940860748,0.05367966368794441,1.0085866451263428,0.800000011920929,0.6661520004272461,0.0,15.41283267530571
922,20250501_180657_981043,output/rgb/20250501_180657_981043.jpg,output/depth/20250501_180657_981043.png,-0.24963891506195068,4.932218551635742,9.492111206054688,-0.015561400912702084,-0.010895302519202232,1.1813223361968994,0.800000011920929,0.699999988079071,0.0,17.008454616590857
923,20250501_180658_024042,output/rgb/20250501_180658_024042.jpg,output/depth/20250501_180658_024042.png,-0.3086508512496948,5.5157790184021,9.478246688842773,-0.007926247082650661,-0.007665187120437622,1.2690321207046509,0.800000011920929,0.49053043127059937,0.0,17.991353830994623
924,20250501_180658_073043,output/rgb/20250501_180658_073043.jpg,output/depth/20250501_180658_073043.png,2.9994006156921387,-6.398119926452637,9.985722541809082,-0.13241201639175415,-0.3900924026966095,0.47425416111946106,-0.800000011920929,0.4065759778022766,0.0,16.973605566083766
925,20250501_180658_122043,output/rgb/20250501_180658_122043.jpg,output/depth/20250501_180658_122043.png,-6.7319416999816895,-7.218840599060059,9.403162002563477,-0.11010151356458664,-0.1553879976272583,-0.9257989525794983,-0.800000011920929,0.32604163885116577,0.0,14.511035775606642
926,20250501_180658_175044,output/rgb/20250501_180658_175044.jpg,output/depth/20250501_180658_175044.png,-0.8306983709335327,-4.009812355041504,9.52186393737793,0.04883517697453499,0.043305762112140656,-1.0786570310592651,-0.800000011920929,0.699999988079071,0.0,15.263196159463803
927,20250501_180658_230042,output/rgb/20250501_180658_230042.jpg,output/depth/20250501_180658_230042.png,-0.09880706667900085,-4.674633026123047,9.57050895690918,0.019384318962693214,0.0006764556164853275,-1.1719675064086914,-0.800000011920929,0.6042049527168274,0.0,16.718749658617075
928,20250501_180658_279042,output/rgb/20250501_180658_279042.jpg,output/depth/20250501_180658_279042.png,-0.7057398557662964,-5.209463119506836,9.616251945495605,-0.014726518653333187,-0.00403589429333806,-1.2447316646575928,0.800000011920929,0.545521080493927,0.0,17.891832359816156
929,20250501_180658_328042,output/rgb/20250501_180658_328042.jpg,output/depth/20250501_180658_328042.png,-1.4818410873413086,6.476956844329834,9.948625564575195,0.3439875841140747,0.002360179554671049,0.17905393242835999,0.800000011920929,0.46727022528648376,0.0,16.425806656220438
930,20250501_180658_369043,output/rgb/20250501_180658_369043.jpg,output/depth/20250501_180658_369043.png,-5.990149021148682,7.406034469604492,9.3956880569458,0.18341884016990662,0.049100931733846664,0.9371517896652222,0.800000011920929,0.5974730253219604,0.0,16.7215404634464
931,20250501_180658_477042,output/rgb/20250501_180658_477042.jpg,output/depth/20250501_180658_477042.png,-3.5009765625,6.622967720031738,9.473526000976562,0.05590936169028282,0.06633841246366501,1.1466071605682373,-0.7548477053642273,0.572668194770813,0.0,17.47774983363528
932,20250501_180658_545043,output/rgb/20250501_180658_545043.jpg,output/depth/20250501_180658_545043.png,-2.1599631309509277,-6.5348381996154785,9.385289192199707,-0.1973123401403427,-0.25838613510131836,-0.41365113854408264,-0.800000011920929,0.699999988079071,0.0,15.093809100368492
933,20250501_180658_596061,output/rgb/20250501_180658_596061.jpg,output/depth/20250501_180658_596061.png,-1.3515570163726807,-4.919232368469238,9.321764945983887,-0.0190989151597023,-0.00993257761001587,-1.1127493381500244,-0.800000011920929,0.699999988079071,0.0,16.127762071244103
934,20250501_180658_655043,output/rgb/20250501_180658_655043.jpg,output/depth/20250501_180658_655043.png,-0.1670563817024231,-5.13026762008667,9.31406307220459,0.02196553349494934,0.010464325547218323,-1.2263519763946533,-0.800000011920929,0.6860573291778564,0.0,17.42300989207143
935,20250501_180658_705042,output/rgb/20250501_180658_705042.jpg,output/depth/20250501_180658_705042.png,-0.8467270731925964,-5.887302875518799,9.72174072265625,-0.04840998351573944,-0.018722884356975555,-1.3007699251174927,-0.800000011920929,0.4491114020347595,0.0,18.0789603723411
936,20250501_180658_758043,output/rgb/20250501_180658_758043.jpg,output/depth/20250501_180658_758043.png,-2.023939371109009,-5.512592315673828,9.27839183807373,0.0008536837995052338,0.015836557373404503,-1.303537130355835,0.12630820274353027,0.4163355827331543,0.0,18.30024417732102
937,20250501_180658_810042,output/rgb/20250501_180658_810042.jpg,output/depth/20250501_180658_810042.png,-2.370220899581909,6.242860317230225,10.000118255615234,0.3143201470375061,-0.1693933606147766,0.16613340377807617,0.800000011920929,0.3955182433128357,0.0,16.032965401920784
938,20250501_180658_853042,output/rgb/20250501_180658_853042.jpg,output/depth/20250501_180658_853042.png,-5.767364978790283,6.900665283203125,9.428199768066406,0.17352434992790222,-0.049612972885370255,0.8779477477073669,0.800000011920929,0.6135912537574768,0.0,14.650250804071522
939,20250501_180658_899042,output/rgb/20250501_180658_899042.jpg,output/depth/20250501_180658_899042.png,-0.8339903354644775,4.522835731506348,9.416138648986816,-0.01809883862733841,-0.0020028718281537294,1.099546194076538,-0.044801030308008194,0.699999988079071,0.0,15.970161104530582
940,20250501_180658_951044,output/rgb/20250501_180658_951044.jpg,output/depth/20250501_180658_951044.png,1.649266004562378,-2.108354091644287,10.080645561218262,-0.2798827886581421,-0.002042523119598627,-0.018188413232564926,-0.2112216353416443,0.5561834573745728,0.0,16.723332331608262
941,20250501_180659_002041,output/rgb/20250501_180659_002041.jpg,output/depth/20250501_180659_002041.png,0.8102758526802063,-1.6230230331420898,9.717242240905762,-0.047634322196245193,0.010506478138267994,-0.354174941778183,-0.4137992858886719,0.5323749780654907,0.0,17.24458016632669
942,20250501_180659_046046,output/rgb/20250501_180659_046046.jpg,output/depth/20250501_180659_046046.png,-0.18127436935901642,-3.4105064868927,9.502935409545898,-0.024186493828892708,0.018806491047143936,-0.6678178310394287,-0.800000011920929,0.45814335346221924,0.0,16.97331292780482
943,20250501_180659_090044,output/rgb/20250501_180659_090044.jpg,output/depth/20250501_180659_090044.png,-5.255092620849609,-7.055253505706787,9.491488456726074,-0.08154121041297913,0.05937178432941437,-1.1146692037582397,-0.21919453144073486,0.5142564177513123,0.0,16.874146613104894
944,20250501_180659_144042,output/rgb/20250501_180659_144042.jpg,output/depth/20250501_180659_144042.png,0.5265034437179565,-1.7659887075424194,9.885501861572266,0.1038467064499855,-0.0753161758184433,-0.37943580746650696,0.5568891167640686,0.5776960253715515,0.0,16.977138204674947
945,20250501_180659_188043,output/rgb/20250501_180659_188043.jpg,output/depth/20250501_180659_188043.png,-2.1645166873931885,5.957177639007568,9.726397514343262,0.2101851850748062,-0.12249565124511719,0.4678652286529541,0.7492605447769165,0.5118846297264099,0.0,15.907337809193395
946,20250501_180659_231048,output/rgb/20250501_180659_231048.jpg,output/depth/20250501_180659_231048.png,-4.824275970458984,6.747740745544434,9.3733549118042,0.12773166596889496,-0.03297314792871475,1.0436420440673828,0.800000011920929,0.6199012398719788,0.0,15.538668061883122
947,20250501_180659_284042,output/rgb/20250501_180659_284042.jpg,output/depth/20250501_180659_284042.png,-0.3057785928249359,4.943945407867432,9.478912353515625,-0.03016607090830803,0.0009532610420137644,1.1846306324005127,0.800000011920929,0.699999988079071,0.0,16.77938004746284
948,20250501_180659_337057,output/rgb/20250501_180659_337057.jpg,output/depth/20250501_180659_337057.png,-0.6084877252578735,5.451567649841309,9.492131233215332,-0.016047894954681396,-0.002254319377243519,1.2659316062927246,-0.800000011920929,0.44858238101005554,0.0,18.134956100424237
949,20250501_180659_395043,output/rgb/20250501_180659_395043.jpg,output/depth/20250501_180659_395043.png,0.15739038586616516,-7.104981422424316,10.498796463012695,-0.2878221869468689,-0.17440544068813324,0.11483307182788849,-0.800000011920929,0.4432615041732788,0.0,16.954916669553917
950,20250501_180659_445043,output/rgb/20250501_180659_445043.jpg,output/depth/20250501_180659_445043.png,-6.22369909286499,-7.360337734222412,9.401869773864746,-0.19475232064723969,-0.04497125744819641,-0.9323681592941284,-0.800000011920929,0.5187044143676758,0.0,15.208772033803873
951,20250501_180659_496043,output/rgb/20250501_180659_496043.jpg,output/depth/20250501_180659_496043.png,-0.972932755947113,-4.5524702072143555,9.089001655578613,0.02990094944834709,0.006471862550824881,-1.1316378116607666,-0.800000011920929,0.699999988079071,0.0,15.873551644783744
952,20250501_180659_549043,output/rgb/20250501_180659_549043.jpg,output/depth/20250501_180659_549043.png,-0.26645615696907043,-4.970252990722656,9.530370712280273,0.030147910118103027,-0.010025269351899624,-1.2057644128799438,-0.800000011920929,0.6343806385993958,0.0,16.990422770776977
953,20250501_180659_605041,output/rgb/20250501_180659_605041.jpg,output/depth/20250501_180659_605041.png,5.712651252746582,3.5349442958831787,9.750110626220703,0.19285555183887482,-0.1385161578655243,-0.8001478910446167,0.800000011920929,0.48646652698516846,0.0,17.670354560456147
954,20250501_180659_662042,output/rgb/20250501_180659_662042.jpg,output/depth/20250501_180659_662042.png,-3.8953208923339844,6.793896675109863,9.614723205566406,0.24717046320438385,-0.11863109469413757,0.6102126836776733,0.4430297315120697,0.44827839732170105,0.0,16.597025420141456
955,20250501_180659_720043,output/rgb/20250501_180659_720043.jpg,output/depth/20250501_180659_720043.png,-1.7606018781661987,5.067191123962402,9.641680717468262,0.01870877481997013,0.002679603872820735,0.7792231440544128,0.800000011920929,0.6646159887313843,0.0,15.992583753319552
956,20250501_180659_773042,output/rgb/20250501_180659_773042.jpg,output/depth/20250501_180659_773042.png,-0.9733985662460327,5.1966705322265625,9.35810375213623,0.005686412565410137,0.0021992807742208242,1.1820787191390991,0.800000011920929,0.0,1.0,16.88957561284316
957,20250501_180659_844044,output/rgb/20250501_180659_844044.jpg,output/depth/20250501_180659_844044.png,-5.323835372924805,3.6149914264678955,9.690542221069336,-0.07573337852954865,0.000251163262873888,1.1395188570022583,-0.800000011920929,0.0,1.0,1.0979548862270727e-06
958,20250501_180700_544042,output/rgb/20250501_180700_544042.jpg,output/depth/20250501_180700_544042.png,0.0,0.0,9.8100004196167,-3.3861178394545277e-07,-6.877309601804882e-07,4.070683345958059e-09,-0.800000011920929,0.0,1.0,2.2816362004425967e-06
959,20250501_180700_586042,output/rgb/20250501_180700_586042.jpg,output/depth/20250501_180700_586042.png,0.0,0.0,9.8100004196167,-2.2664686127882305e-07,-2.4981525825751305e-07,1.7814588693099154e-09,-0.800000011920929,0.0,1.0,1.3760963614537406e-06
960,20250501_180700_625041,output/rgb/20250501_180700_625041.jpg,output/depth/20250501_180700_625041.png,0.0,0.0,9.8100004196167,-1.5558823918127018e-07,-6.439794475454619e-08,-9.00236551970579e-11,-0.800000011920929,0.0,1.0,2.4216840899683203e-06
961,20250501_180700_665043,output/rgb/20250501_180700_665043.jpg,output/depth/20250501_180700_665043.png,0.0,0.0,9.8100004196167,-1.1870518790146889e-07,-6.548062714273328e-08,1.0301776098842197e-10,-0.800000011920929,0.0,1.0,6.947654194333819e-07
962,20250501_180700_706042,output/rgb/20250501_180700_706042.jpg,output/depth/20250501_180700_706042.png,0.0,0.0,9.8100004196167,3.577935459020409e-08,-1.154678663795039e-08,1.3105391771794928e-10,-0.800000011920929,0.0,1.0,1.5109241651898634e-06
963,20250501_180700_746043,output/rgb/20250501_180700_746043.jpg,output/depth/20250501_180700_746043.png,0.0,0.0,9.8100004196167,1.1379426290147876e-08,-6.066372737478787e-09,5.2067138794908985e-11,-0.800000011920929,0.0,1.0,8.243109653701522e-07
964,20250501_180700_783048,output/rgb/20250501_180700_783048.jpg,output/depth/20250501_180700_783048.png,0.0,0.0,9.8100004196167,3.4376860469365056e-08,-4.383224805337704e-08,-2.7575819405711854e-10,-0.800000011920929,0.0,1.0,1.7864725786077413e-06
965,20250501_180700_824043,output/rgb/20250501_180700_824043.jpg,output/depth/20250501_180700_824043.png,0.0,0.0,9.8100004196167,7.318337491568627e-09,-4.497994421370777e-09,2.865377900229671e-11,-0.800000011920929,0.0,1.0,6.869199146649045e-07
966,20250501_180700_863043,output/rgb/20250501_180700_863043.jpg,output/depth/20250501_180700_863043.png,0.0,0.0,9.8100004196167,4.47793944147179e-08,-2.7433973315282856e-08,2.725478176479612e-10,-0.800000011920929,0.0,1.0,1.5800209027950367e-06
967,20250501_180700_903044,output/rgb/20250501_180700_903044.jpg,output/depth/20250501_180700_903044.png,0.0,0.0,9.8100004196167,3.261719339064939e-09,-2.924968045547871e-09,6.355755331755031e-12,-0.800000011920929,0.0,1.0,6.868810318962029e-07
968,20250501_180700_943043,output/rgb/20250501_180700_943043.jpg,output/depth/20250501_180700_943043.png,0.0,0.0,9.8100004196167,5.4147704986462486e-08,-9.439530934685081e-09,1.8624748965301308e-10,-0.800000011920929,0.0,1.0,1.0433093389639366e-06
969,20250501_180700_982042,output/rgb/20250501_180700_982042.jpg,output/depth/20250501_180700_982042.png,0.0,0.0,9.8100004196167,0.0,0.0,0.0,-0.800000011920929,0.0,1.0,2.1001577758037205e-07
970,20250501_180701_021046,output/rgb/20250501_180701_021046.jpg,output/depth/20250501_180701_021046.png,0.0,0.0,9.8100004196167,4.752338256253097e-08,-1.31298580896555e-08,2.0298041025768043e-10,-0.800000011920929,0.0,1.0,9.759435859874165e-07
971,20250501_180701_060042,output/rgb/20250501_180701_060042.jpg,output/depth/20250501_180701_060042.png,0.0,0.0,9.8100004196167,8.975582943548943e-08,-1.6700028027116787e-08,3.506864798552556e-10,-0.800000011920929,0.0,1.0,2.746953873444245e-07
972,20250501_180701_097044,output/rgb/20250501_180701_097044.jpg,output/depth/20250501_180701_097044.png,0.0,0.0,9.8100004196167,-7.989433115085376e-09,-7.299625903733897e-10,-4.06818814746579e-11,-0.800000011920929,0.0,1.0,6.86603231100135e-07
973,20250501_180701_139044,output/rgb/20250501_180701_139044.jpg,output/depth/20250501_180701_139044.png,0.0,0.0,9.8100004196167,-1.655459591631825e-08,-2.251358433014161e-09,1.0584665088853029e-11,-0.800000011920929,0.0,1.0,2.7556258884167126e-07
974,20250501_180701_178043,output/rgb/20250501_180701_178043.jpg,output/depth/20250501_180701_178043.png,0.0,0.0,9.8100004196167,-2.089072665967251e-07,6.989618839270406e-08,-4.484552174055523e-10,-0.800000011920929,0.0,1.0,7.740515921126702e-07
975,20250501_180701_217042,output/rgb/20250501_180701_217042.jpg,output/depth/20250501_180701_217042.png,0.0,0.0,9.8100004196167,8.361077874496914e-08,-1.9551023910935328e-08,3.040471763249286e-10,-0.800000011920929,0.0,1.0,2.747814078674593e-07
976,20250501_180701_257042,output/rgb/20250501_180701_257042.jpg,output/depth/20250501_180701_257042.png,0.0,0.0,9.8100004196167,2.93817787877515e-08,-1.750445299819603e-08,1.4981210716413784e-10,-0.800000011920929,0.0,1.0,1.3051214831477345e-06
977,20250501_180701_297042,output/rgb/20250501_180701_297042.jpg,output/depth/20250501_180701_297042.png,0.0,0.0,9.8100004196167,-1.894027263915632e-07,3.826380989835343e-08,-7.256836798141819e-11,-0.800000011920929,0.0,1.0,1.378130450536446e-07
978,20250501_180701_335042,output/rgb/20250501_180701_335042.jpg,output/depth/20250501_180701_335042.png,0.0,0.0,9.8100004196167,3.879726051536636e-08,5.043825357375908e-10,6.579832512176864e-11,-0.800000011920929,0.0,1.0,1.2363625173410242e-06
979,20250501_180701_374046,output/rgb/20250501_180701_374046.jpg,output/depth/20250501_180701_374046.png,0.0,0.0,9.8100004196167,6.897737137023796e-08,-2.3856323139170854e-08,3.4771943657752047e-10,-0.800000011920929,0.0,1.0,1.3735298578840792e-07
980,20250501_180701_412047,output/rgb/20250501_180701_412047.jpg,output/depth/20250501_180701_412047.png,0.0,0.0,9.8100004196167,2.6100888561586544e-08,-1.4988055241360598e-08,1.645657776716547e-10,-0.800000011920929,0.0,1.0,1.099105992596341e-06
981,20250501_180701_452041,output/rgb/20250501_180701_452041.jpg,output/depth/20250501_180701_452041.png,0.0,0.0,9.8100004196167,-1.8507705590309342e-07,5.635826028083102e-08,-2.739600213352844e-10,-0.800000011920929,0.0,1.0,0.0
982,20250501_180701_492044,output/rgb/20250501_180701_492044.jpg,output/depth/20250501_180701_492044.png,0.0,0.0,9.8100004196167,-2.3564714979329437e-07,5.516221435186708e-08,-3.915603674631285e-10,-0.800000011920929,0.0,1.0,1.0303831701262262e-06
983,20250501_180701_532042,output/rgb/20250501_180701_532042.jpg,output/depth/20250501_180701_532042.png,0.0,0.0,9.8100004196167,-1.8390220191122353e-07,6.55629577295258e-08,-2.8867830348389134e-10,-0.800000011920929,0.0,1.0,1.8548110060094924e-06
984,20250501_180701_574044,output/rgb/20250501_180701_574044.jpg,output/depth/20250501_180701_574044.png,0.0,0.0,9.8100004196167,-8.05656341640315e-09,-8.5233207158808e-09,2.496157794351639e-11,-0.800000011920929,0.0,1.0,5.494143937325442e-07
985,20250501_180701_613044,output/rgb/20250501_180701_613044.jpg,output/depth/20250501_180701_613044.png,0.0,0.0,9.8100004196167,-5.3866808791269705e-09,1.2264507631698507e-08,-8.371891374592266e-11,-0.800000011920929,0.0,1.0,9.612110806641964e-07
986,20250501_180701_654043,output/rgb/20250501_180701_654043.jpg,output/depth/20250501_180701_654043.png,0.0,0.0,9.8100004196167,-7.577125593627443e-09,-7.823834025089127e-09,2.0265487205017862e-11,-0.800000011920929,0.0,1.0,5.492499997647879e-07
987,20250501_180701_693043,output/rgb/20250501_180701_693043.jpg,output/depth/20250501_180701_693043.png,0.0,0.0,9.8100004196167,-7.474897145698378e-09,7.748511166028038e-09,-1.1090637436206308e-10,-0.800000011920929,0.0,1.0,1.0985102031182176e-06
988,20250501_180701_734043,output/rgb/20250501_180701_734043.jpg,output/depth/20250501_180701_734043.png,0.0,0.0,9.8100004196167,-4.247461049544654e-09,-4.602533909547901e-09,1.5080519298604766e-12,-0.800000011920929,0.0,1.0,4.1194960212927027e-07
989,20250501_180701_774044,output/rgb/20250501_180701_774044.jpg,output/depth/20250501_180701_774044.png,0.0,0.0,9.8100004196167,-1.014963402212743e-08,-8.27197144115388e-10,-4.531095637583249e-11,-0.800000011920929,0.0,1.0,9.611895752623288e-07
990,20250501_180701_812044,output/rgb/20250501_180701_812044.jpg,output/depth/20250501_180701_812044.png,0.0,0.0,9.8100004196167,-3.768411804827565e-09,-3.9028535958607335e-09,-3.1166050643016696e-12,-0.800000011920929,0.0,1.0,4.121578481988391e-07
991,20250501_180701_852045,output/rgb/20250501_180701_852045.jpg,output/depth/20250501_180701_852045.png,0.0,0.0,9.8100004196167,-9.7239274410299e-09,-1.4548647009338112e-10,1.0051421500678615e-11,-0.800000011920929,0.0,1.0,9.6121107499762e-07
992,20250501_180701_892042,output/rgb/20250501_180701_892042.jpg,output/depth/20250501_180701_892042.png,0.0,0.0,9.8100004196167,-3.2900271396130165e-09,-3.2036511221633646e-09,-7.148902997355933e-12,-0.800000011920929,0.0,1.0,2.7474679764786974e-07
993,20250501_180701_934043,output/rgb/20250501_180701_934043.jpg,output/depth/20250501_180701_934043.png,0.0,0.0,9.8100004196167,-6.579607969570134e-09,5.807861747086918e-09,-8.680167695729324e-11,-0.800000011920929,0.0,1.0,9.611861802757641e-07
994,20250501_180701_974044,output/rgb/20250501_180701_974044.jpg,output/depth/20250501_180701_974044.png,0.0,0.0,9.8100004196167,0.0,0.0,0.0,-0.800000011920929,0.0,1.0,2.747904760132268e-07
995,20250501_180702_015043,output/rgb/20250501_180702_015043.jpg,output/depth/20250501_180702_015043.png,0.0,0.0,9.8100004196167,-3.2460951704393892e-09,9.038544135364646e-09,-1.0566708619208498e-10,-0.800000011920929,0.0,1.0,1.524881733273746e-06
996,20250501_180702_055042,output/rgb/20250501_180702_055042.jpg,output/depth/20250501_180702_055042.png,0.0,0.0,9.8100004196167,-1.3673452592399826e-08,-3.414405425061773e-09,2.222213558999986e-11,-0.800000011920929,0.0,1.0,2.746295639088272e-07
997,20250501_180702_095043,output/rgb/20250501_180702_095043.jpg,output/depth/20250501_180702_095043.png,0.0,0.0,9.8100004196167,-4.658699204185268e-09,5.825475657417201e-09,-2.8112824568271577e-11,-0.800000011920929,0.0,1.0,8.238735924835906e-07
998,20250501_180702_137043,output/rgb/20250501_180702_137043.jpg,output/depth/20250501_180702_137043.png,0.0,0.0,9.8100004196167,-1.912019342853455e-08,-7.468655027764726e-09,-1.188523498368843e-11,-0.800000011920929,0.0,1.0,1.373481412144385e-07
999,20250501_180702_185043,output/rgb/20250501_180702_185043.jpg,output/depth/20250501_180702_185043.png,0.0,0.0,9.8100004196167,-1.0140882800158124e-08,-5.265992530922858e-09,-7.80951171786004e-12,-0.800000011920929,0.0,1.0,6.866379895796763e-07
